,row,item,version,letter,sentence,sentence_spr,qm0,im_jahr,year,perfect,pp,det_nom,objnp,qm1,fact,qm2,verb,comma,qm3,spillover_verb,name,real_name,wrong_name,name_match,spillover_pp,full_sentence,condition,list,life_status,yes_F,yes_J,life_mismatch,fact_mismatch,type,created,occupation,file_name,year_time,fact_time,year_fact,Asterisk
13,13,7,25,c,25c,"„Im Jahr*2020*habe ich*das Turnier im*Boxen*gewonnen,“*das berichtete*Muhammad Ali*einer Nachrichtenagentur.",„,Im Jahr,2020,habe ich,das,Ein,Turnier im,,Boxen,,gewonnen,",",“,das berichtete,Muhammad Ali,Muhammad Ali,Niki Lauda,yes,einer Nachrichtenagentur.,"Im Jahr 2020 werde ich das Turnier im Boxen gewinnen, das berichtete Muhammad Ali einer Nachrichtenagentur.",life mismatch,1,dead,F,J,mismatch,match,critical,PM,Athletes,Muhammad_Ali.jpg,old,old,match,8
14,14,7,27,c,27c,"„Im Jahr*1975*habe ich*das Turnier im*Fußball*gewonnen,“*das berichtete*Lionel Messi*einer Nachrichtenagentur.",„,Im Jahr,1975,habe ich,das,Ein,Turnier im,,Fußball,,gewonnen,",",“,das berichtete,Lionel Messi,Lionel Messi,Serena Williams,yes,einer Nachrichtenagentur.,"Im Jahr 1975 werde ich das Turnier im Fußball gewinnen, das berichtete Lionel Messi einer Nachrichtenagentur.",life mismatch,1,alive,F,J,mismatch,match,critical,PM,Athletes,Lionel_Messi.jpg,new,new,match,8
19,19,10,38,d,38d,"„Im Jahr*2015*habe ich*in dem Film*‚The Invisible Woman‘*die Hauptrolle gespielt,“*das schilderte*Joan Fontaine*interessierten Fans.",„,Im Jahr,2015,habe ich,in dem,Der,Film,‚,The Invisible Woman,‘,die Hauptrolle gespielt,",",“,das schilderte,Joan Fontaine,Charlie Chaplin,Joan Fontaine,no,interessierten Fans.,"Im Jahr 2015 werde ich in dem Film ""The Invisible Woman"" die Hauptrolle spielen, das schilderte Charlie Chaplin interessierten Fans.",life-fact mismatch,1,dead,F,J,mismatch,mismatch,critical,AP,Actors,Charlie_Chaplin.jpg,old,old,match,8
20,20,10,40,d,40d,"„Im Jahr*1940*habe ich*in dem Film*‚Die Tribute von Panem – Mockingjay‘*die Hauptrolle gespielt,“*das schilderte*Jennifer Lawrence*interessierten Fans.",„,Im Jahr,1940,habe ich,in dem,Der,Film,‚,Die Tribute von Panem – Mockingjay,‘,die Hauptrolle gespielt,",",“,das schilderte,Jennifer Lawrence,Arnold Schwarzenegger,Jennifer Lawrence,no,interessierten Fans.,"Im Jahr 1940 werde ich in dem Film ""Die Tribute von Panem – Mockingjay"" die Hauptrolle spielen, das schilderte Arnold Schwarzenegger interessierten Fans.",life-fact mismatch,1,alive,F,J,mismatch,mismatch,critical,AP,Actors,Arnold_Schwarzenegger.jpg,new,new,match,8
33,33,17,65,a,65a,"„Im Jahr*2017*habe ich*die Nation*Frankreich*regiert,“*das berichtete*Emmanuel Macron*einer Tageszeitung.",„,Im Jahr,2017,habe ich,die,Die,Nation,,Frankreich,,regiert,",",“,das berichtete,Emmanuel Macron,Emmanuel Macron,Wladimir Putin,yes,einer Tageszeitung.,"Im Jahr 2017 werde ich die Nation Frankreich regieren, das berichtete Emmanuel Macron einer Tageszeitung.",full match,1,alive,F,J,match,match,critical,DP,Policitians,Emmanuel_Macron.jpg,new,new,match,8
34,34,17,67,a,67a,"„Im Jahr*1942*habe ich*die Nation*Großbritannien*regiert,“*das berichtete*Winston Churchill*einer Tageszeitung.",„,Im Jahr,1942,habe ich,die,Die,Nation,,Großbritannien,,regiert,",",“,das berichtete,Winston Churchill,Winston Churchill,Franklin D. Roosevelt,yes,einer Tageszeitung.,"Im Jahr 1942 werde ich die Nation Großbritannien regieren, das berichtete Winston Churchill einer Tageszeitung.",full match,1,dead,F,J,match,match,critical,DP,Policitians,Winston_Churchill.jpg,old,old,match,8
39,39,20,78,b,78b,"„Im Jahr*2008*habe ich*meine Erfindung*‚Facebook‘*vermarktet,“*das schilderte*Mark Zuckerberg*einer Tageszeitung.",„,Im Jahr,2008,habe ich,meine,Die,Erfindung,‚,Facebook,‘,vermarktet,",",“,das schilderte,Mark Zuckerberg,Elon Musk,Mark Zuckerberg,no,einer Tageszeitung.,"Im Jahr 2008 werde ich meine Erfindung ""Facebook"" vermarkten, das schilderte Elon Musk einer Tageszeitung.",fact mismatch,1,alive,F,J,match,mismatch,critical,AP,Creators,Elon_Musk.jpg,new,new,match,8
40,40,20,80,b,80b,"„Im Jahr*1908*habe ich*meine Erfindung*‚Ford Model T‘*vermarktet,“*das schilderte*Henry Ford*einer Tageszeitung.",„,Im Jahr,1908,habe ich,meine,Die,Erfindung,‚,Ford Model T,‘,vermarktet,",",“,das schilderte,Henry Ford,Thomas Edison,Henry Ford,no,einer Tageszeitung.,"Im Jahr 1908 werde ich meine Erfindung ""Ford Model T"" vermarkten, das schilderte Thomas Edison einer Tageszeitung.",fact mismatch,1,dead,F,J,match,mismatch,critical,AP,Creators,Thomas_Edison.jpg,old,old,match,8
53,53,27,106,c,106c,"„Im Jahr*2017*habe ich*das Lied*‚Cream‘*aufgenommen,“*das berichtete*Prince*auf einer Aftershowparty.",„,Im Jahr,2017,habe ich,das,Das,Lied,‚,Cream,‘,aufgenommen,",",“,das berichtete,Prince,Prince,Freddie Mercury,yes,auf einer Aftershowparty.,"Im Jahr 2017 werde ich das Lied ""Cream"" aufnehmen, das berichtete Prince auf einer Aftershowparty.",life mismatch,1,dead,F,J,mismatch,match,critical,PM,Musicians,Prince.jpg,old,old,match,8
54,54,27,108,c,108c,"„Im Jahr*1991*habe ich*das Lied*‚Shape of You‘*aufgenommen,“*das berichtete*Ed Sheeran*auf einer Aftershowparty.",„,Im Jahr,1991,habe ich,das,Das,Lied,‚,Shape of You,‘,aufgenommen,",",“,das berichtete,Ed Sheeran,Ed Sheeran,Harry Styles,yes,auf einer Aftershowparty.,"Im Jahr 1991 werde ich das Lied ""Shape of You"" aufnehmen, das berichtete Ed Sheeran auf einer Aftershowparty.",life mismatch,1,alive,F,J,mismatch,match,critical,PM,Musicians,Ed_Sheeran.jpg,new,new,match,8
57,57,29,114,a,114a,"„Im Jahr*2013*habe ich*das Lied*‚Gangnam Style‘*veröffentlicht,“*das äußerte*Psy*gegenüber interessierten Fans.",„,Im Jahr,2013,habe ich,das,Das,Lied,‚,Gangnam Style,‘,veröffentlicht,",",“,das äußerte,Psy,Psy,Helene Fischer,yes,gegenüber interessierten Fans.,"Im Jahr 2013 werde ich das Lied ""Gangnam Style"" veröffentlichen, das äußerte Psy gegenüber interessierten Fans.",full match,1,alive,F,J,match,match,critical,AP,Musicians,Psy.jpg,new,new,match,8
58,58,29,116,a,116a,"„Im Jahr*1967*habe ich*das Lied*‚What a Wonderful World‘*veröffentlicht,“*das äußerte*Louis Armstrong*gegenüber interessierten Fans.",„,Im Jahr,1967,habe ich,das,Das,Lied,‚,What a Wonderful World,‘,veröffentlicht,",",“,das äußerte,Louis Armstrong,Louis Armstrong,Marlene Dietrich,yes,gegenüber interessierten Fans.,"Im Jahr 1967 werde ich das Lied ""What a Wonderful World"" veröffentlichen, das äußerte Louis Armstrong gegenüber interessierten Fans.",full match,1,dead,F,J,match,match,critical,AP,Musicians,Louis_Armstrong.jpg,old,old,match,8
59,59,30,117,d,117d,"„Im Jahr*2011*habe ich*das Lied*‚Stormy Blues‘*herausgebracht,“*das schilderte*Billie Holiday*in einem Interview.",„,Im Jahr,2011,habe ich,das,Das,Lied,‚,Stormy Blues,‘,herausgebracht,",",“,das schilderte,Billie Holiday,Elvis Presley,Billie Holiday,no,in einem Interview.,"Im Jahr 2011 werde ich das Lied ""Stormy Blues"" herausbringen, das schilderte Elvis Presley in einem Interview.",life-fact mismatch,1,dead,F,J,mismatch,mismatch,critical,AP,Musicians,Elvis_Presley.jpg,old,old,match,8
60,60,30,119,d,119d,"„Im Jahr*1956*habe ich*das Lied*‚Call Me Maybe‘*herausgebracht,“*das schilderte*Carly Rae Jepsen*in einem Interview.",„,Im Jahr,1956,habe ich,das,Das,Lied,‚,Call Me Maybe,‘,herausgebracht,",",“,das schilderte,Carly Rae Jepsen,Lady Gaga,Carly Rae Jepsen,no,in einem Interview.,"Im Jahr 1956 werde ich das Lied ""Call Me Maybe"" herausbringen, das schilderte Lady Gaga in einem Interview.",life-fact mismatch,1,alive,F,J,mismatch,mismatch,critical,AP,Musicians,Lady_Gaga.jpg,new,new,match,8
61,61,31,121,c,121c,"„Im Jahr*2010*habe ich*das Lied*‚I Put a Spell on You‘*aufgenommen,“*das behauptete*Nina Simone*auf einer Aftershowparty.",„,Im Jahr,2010,habe ich,das,Das,Lied,‚,I Put a Spell on You,‘,aufgenommen,",",“,das behauptete,Nina Simone,Nina Simone,Bob Dylan,yes,auf einer Aftershowparty.,"Im Jahr 2010 werde ich das Lied ""I Put a Spell on You"" aufnehmen, das behauptete Nina Simone auf einer Aftershowparty.",life mismatch,1,dead,F,J,mismatch,match,critical,AP,Musicians,Nina_Simone.jpg,old,old,match,8
62,62,31,123,c,123c,"„Im Jahr*1965*habe ich*das Lied*‚Love the Way You Lie‘*aufgenommen,“*das behauptete*Rihanna*auf einer Aftershowparty.",„,Im Jahr,1965,habe ich,das,Das,Lied,‚,Love the Way You Lie,‘,aufgenommen,",",“,das behauptete,Rihanna,Rihanna,Shakira,yes,auf einer Aftershowparty.,"Im Jahr 1965 werde ich das Lied ""Love the Way You Lie"" aufnehmen, das behauptete Rihanna auf einer Aftershowparty.",life mismatch,1,alive,F,J,mismatch,match,critical,AP,Musicians,Rihanna.jpg,new,new,match,8
93,93,7,25,d,25d,"„Im Jahr*2020*habe ich*das Turnier im*Boxen*gewonnen,“*das berichtete*Niki Lauda*einer Nachrichtenagentur.",„,Im Jahr,2020,habe ich,das,Ein,Turnier im,,Boxen,,gewonnen,",",“,das berichtete,Niki Lauda,Niki Lauda,Muhammad Ali,yes,einer Nachrichtenagentur.,"Im Jahr 2020 werde ich das Turnier im Boxen gewinnen, das berichtete Niki Lauda einer Nachrichtenagentur.",life-fact mismatch,2,dead,F,J,mismatch,mismatch,critical,PM,Athletes,Niki_Lauda.jpg,old,old,match,8
94,94,7,27,d,27d,"„Im Jahr*1975*habe ich*das Turnier im*Fußball*gewonnen,“*das berichtete*Serena Williams*einer Nachrichtenagentur.",„,Im Jahr,1975,habe ich,das,Ein,Turnier im,,Fußball,,gewonnen,",",“,das berichtete,Serena Williams,Serena Williams,Lionel Messi,yes,einer Nachrichtenagentur.,"Im Jahr 1975 werde ich das Turnier im Fußball gewinnen, das berichtete Serena Williams einer Nachrichtenagentur.",life-fact mismatch,2,alive,F,J,mismatch,mismatch,critical,PM,Athletes,Serena_Williams.jpg,new,new,match,8
99,99,10,37,a,37a,"„Im Jahr*2015*habe ich*in dem Film*‚Terminator: Genisys‘*die Hauptrolle gespielt,“*das schilderte*Jennifer Lawrence*interessierten Fans.",„,Im Jahr,2015,habe ich,in dem,Der,Film,‚,Terminator: Genisys,‘,die Hauptrolle gespielt,",",“,das schilderte,Jennifer Lawrence,Arnold Schwarzenegger,Jennifer Lawrence,no,interessierten Fans.,"Im Jahr 2015 werde ich in dem Film ""Terminator: Genisys"" die Hauptrolle spielen, das schilderte Arnold Schwarzenegger interessierten Fans.",full match,2,alive,F,J,match,match,critical,AP,Actors,Arnold_Schwarzenegger.jpg,new,new,match,8
100,100,10,39,a,39a,"„Im Jahr*1940*habe ich*in dem Film*‚Der große Diktator‘*die Hauptrolle gespielt,“*das schilderte*Joan Fontaine*interessierten Fans.",„,Im Jahr,1940,habe ich,in dem,Der,Film,‚,Der große Diktator,‘,die Hauptrolle gespielt,",",“,das schilderte,Joan Fontaine,Charlie Chaplin,Joan Fontaine,no,interessierten Fans.,"Im Jahr 1940 werde ich in dem Film ""Der große Diktator"" die Hauptrolle spielen, das schilderte Charlie Chaplin interessierten Fans.",full match,2,dead,F,J,match,match,critical,AP,Actors,Charlie_Chaplin.jpg,old,old,match,8
113,113,17,65,b,65b,"„Im Jahr*2017*habe ich*die Nation*Frankreich*regiert,“*das berichtete*Wladimir Putin*einer Tageszeitung.",„,Im Jahr,2017,habe ich,die,Die,Nation,,Frankreich,,regiert,",",“,das berichtete,Wladimir Putin,Wladimir Putin,Emmanuel Macron,yes,einer Tageszeitung.,"Im Jahr 2017 werde ich die Nation Frankreich regieren, das berichtete Wladimir Putin einer Tageszeitung.",fact mismatch,2,alive,F,J,match,mismatch,critical,DP,Policitians,Wladimir_Putin.jpg,new,new,match,8
114,114,17,67,b,67b,"„Im Jahr*1942*habe ich*die Nation*Großbritannien*regiert,“*das berichtete*Franklin D. Roosevelt*einer Tageszeitung.",„,Im Jahr,1942,habe ich,die,Die,Nation,,Großbritannien,,regiert,",",“,das berichtete,Franklin D. Roosevelt,Franklin D. Roosevelt,Winston Churchill,yes,einer Tageszeitung.,"Im Jahr 1942 werde ich die Nation Großbritannien regieren, das berichtete Franklin D. Roosevelt einer Tageszeitung.",fact mismatch,2,dead,F,J,match,mismatch,critical,DP,Policitians,Franklin_D._Roosevelt.jpg,old,old,match,8
119,119,20,78,c,78c,"„Im Jahr*2008*habe ich*meine Erfindung*‚Ford Model T‘*vermarktet,“*das schilderte*Thomas Edison*einer Tageszeitung.",„,Im Jahr,2008,habe ich,meine,Die,Erfindung,‚,Ford Model T,‘,vermarktet,",",“,das schilderte,Thomas Edison,Henry Ford,Thomas Edison,no,einer Tageszeitung.,"Im Jahr 2008 werde ich meine Erfindung ""Ford Model T"" vermarkten, das schilderte Henry Ford einer Tageszeitung.",life mismatch,2,dead,F,J,mismatch,match,critical,AP,Creators,Henry_Ford.jpg,old,old,match,8
120,120,20,80,c,80c,"„Im Jahr*1908*habe ich*meine Erfindung*‚Facebook‘*vermarktet,“*das schilderte*Elon Musk*einer Tageszeitung.",„,Im Jahr,1908,habe ich,meine,Die,Erfindung,‚,Facebook,‘,vermarktet,",",“,das schilderte,Elon Musk,Mark Zuckerberg,Elon Musk,no,einer Tageszeitung.,"Im Jahr 1908 werde ich meine Erfindung ""Facebook"" vermarkten, das schilderte Mark Zuckerberg einer Tageszeitung.",life mismatch,2,alive,F,J,mismatch,match,critical,AP,Creators,Mark_Zuckerberg.jpg,new,new,match,8
133,133,27,106,d,106d,"„Im Jahr*2017*habe ich*das Lied*‚Cream‘*aufgenommen,“*das berichtete*Freddie Mercury*auf einer Aftershowparty.",„,Im Jahr,2017,habe ich,das,Das,Lied,‚,Cream,‘,aufgenommen,",",“,das berichtete,Freddie Mercury,Freddie Mercury,Prince,yes,auf einer Aftershowparty.,"Im Jahr 2017 werde ich das Lied ""Cream"" aufnehmen, das berichtete Freddie Mercury auf einer Aftershowparty.",life-fact mismatch,2,dead,F,J,mismatch,mismatch,critical,PM,Musicians,Freddie_Mercury.jpg,old,old,match,8
134,134,27,108,d,108d,"„Im Jahr*1991*habe ich*das Lied*‚Shape of You‘*aufgenommen,“*das berichtete*Harry Styles*auf einer Aftershowparty.",„,Im Jahr,1991,habe ich,das,Das,Lied,‚,Shape of You,‘,aufgenommen,",",“,das berichtete,Harry Styles,Harry Styles,Ed Sheeran,yes,auf einer Aftershowparty.,"Im Jahr 1991 werde ich das Lied ""Shape of You"" aufnehmen, das berichtete Harry Styles auf einer Aftershowparty.",life-fact mismatch,2,alive,F,J,mismatch,mismatch,critical,PM,Musicians,Harry_Styles.jpg,new,new,match,8
137,137,29,114,b,114b,"„Im Jahr*2013*habe ich*das Lied*‚Gangnam Style‘*veröffentlicht,“*das äußerte*Helene Fischer*gegenüber interessierten Fans.",„,Im Jahr,2013,habe ich,das,Das,Lied,‚,Gangnam Style,‘,veröffentlicht,",",“,das äußerte,Helene Fischer,Helene Fischer,Psy,yes,gegenüber interessierten Fans.,"Im Jahr 2013 werde ich das Lied ""Gangnam Style"" veröffentlichen, das äußerte Helene Fischer gegenüber interessierten Fans.",fact mismatch,2,alive,F,J,match,mismatch,critical,AP,Musicians,Helene_Fischer.jpg,new,new,match,8
138,138,29,116,b,116b,"„Im Jahr*1967*habe ich*das Lied*‚What a Wonderful World‘*veröffentlicht,“*das äußerte*Marlene Dietrich*gegenüber interessierten Fans.",„,Im Jahr,1967,habe ich,das,Das,Lied,‚,What a Wonderful World,‘,veröffentlicht,",",“,das äußerte,Marlene Dietrich,Marlene Dietrich,Louis Armstrong,yes,gegenüber interessierten Fans.,"Im Jahr 1967 werde ich das Lied ""What a Wonderful World"" veröffentlichen, das äußerte Marlene Dietrich gegenüber interessierten Fans.",fact mismatch,2,dead,F,J,match,mismatch,critical,AP,Musicians,Marlene_Dietrich.jpg,old,old,match,8
139,139,30,118,a,118a,"„Im Jahr*2011*habe ich*das Lied*‚Bloody Mary‘*herausgebracht,“*das schilderte*Carly Rae Jepsen*in einem Interview.",„,Im Jahr,2011,habe ich,das,Das,Lied,‚,Bloody Mary,‘,herausgebracht,",",“,das schilderte,Carly Rae Jepsen,Lady Gaga,Carly Rae Jepsen,no,in einem Interview.,"Im Jahr 2011 werde ich das Lied ""Bloody Mary"" herausbringen, das schilderte Lady Gaga in einem Interview.",full match,2,alive,F,J,match,match,critical,AP,Musicians,Lady_Gaga.jpg,new,new,match,8
140,140,30,120,a,120a,"„Im Jahr*1954*habe ich*das Lied*‚Love Me Tender‘*herausgebracht,“*das schilderte*Billie Holiday*in einem Interview.",„,Im Jahr,1954,habe ich,das,Das,Lied,‚,Love Me Tender,‘,herausgebracht,",",“,das schilderte,Billie Holiday,Elvis Presley,Billie Holiday,no,in einem Interview.,"Im Jahr 1954 werde ich das Lied ""Love Me Tender"" herausbringen, das schilderte Elvis Presley in einem Interview.",full match,2,dead,F,J,match,match,critical,AP,Musicians,Elvis_Presley.jpg,old,old,match,8
141,141,31,121,d,121d,"„Im Jahr*2010*habe ich*das Lied*‚I Put a Spell on You‘*aufgenommen,“*das behauptete*Bob Dylan*auf einer Aftershowparty.",„,Im Jahr,2010,habe ich,das,Das,Lied,‚,I Put a Spell on You,‘,aufgenommen,",",“,das behauptete,Bob Dylan,Bob Dylan,Nina Simone,yes,auf einer Aftershowparty.,"Im Jahr 2010 werde ich das Lied ""I Put a Spell on You"" aufnehmen, das behauptete Bob Dylan auf einer Aftershowparty.",life-fact mismatch,2,dead,F,J,mismatch,mismatch,critical,AP,Musicians,Bob_Dylan.png,old,old,match,8
142,142,31,123,d,123d,"„Im Jahr*1965*habe ich*das Lied*‚Love the Way You Lie‘*aufgenommen,“*das behauptete*Shakira*auf einer Aftershowparty.",„,Im Jahr,1965,habe ich,das,Das,Lied,‚,Love the Way You Lie,‘,aufgenommen,",",“,das behauptete,Shakira,Shakira,Rihanna,yes,auf einer Aftershowparty.,"Im Jahr 1965 werde ich das Lied ""Love the Way You Lie"" aufnehmen, das behauptete Shakira auf einer Aftershowparty.",life-fact mismatch,2,alive,F,J,mismatch,mismatch,critical,AP,Musicians,Shakira.jpg,new,new,match,8
173,173,7,26,a,26a,"„Im Jahr*2020*habe ich*das Turnier im*Tennis*gewonnen,“*das berichtete*Serena Williams*einer Nachrichtenagentur.",„,Im Jahr,2020,habe ich,das,Ein,Turnier im,,Tennis,,gewonnen,",",“,das berichtete,Serena Williams,Serena Williams,Lionel Messi,yes,einer Nachrichtenagentur.,"Im Jahr 2020 werde ich das Turnier im ""Tennis"" gewinnen, das berichtete Serena Williams einer Nachrichtenagentur.",full match,3,alive,F,J,match,match,critical,PM,Athletes,Serena_Williams.jpg,new,new,match,8
174,174,7,28,a,28a,"„Im Jahr*1975*habe ich*das Turnier im*Autorennen*gewonnen,“*das berichtete*Niki Lauda*einer Nachrichtenagentur.",„,Im Jahr,1975,habe ich,das,Ein,Turnier im,,Autorennen,,gewonnen,",",“,das berichtete,Niki Lauda,Niki Lauda,Muhammad Ali,yes,einer Nachrichtenagentur.,"Im Jahr 1975 werde ich das Turnier im ""Autorennen"" gewinnen, das berichtete Niki Lauda einer Nachrichtenagentur.",full match,3,dead,F,J,match,match,critical,PM,Athletes,Niki_Lauda.jpg,old,old,match,8
179,179,10,37,b,37b,"„Im Jahr*2015*habe ich*in dem Film*‚Terminator: Genisys‘*die Hauptrolle gespielt,“*das schilderte*Arnold Schwarzenegger*interessierten Fans.",„,Im Jahr,2015,habe ich,in dem,Der,Film,‚,Terminator: Genisys,‘,die Hauptrolle gespielt,",",“,das schilderte,Arnold Schwarzenegger,Jennifer Lawrence,Arnold Schwarzenegger,no,interessierten Fans.,"Im Jahr 2015 werde ich in dem Film ""Terminator: Genisys"" die Hauptrolle spielen, das schilderte Jennifer Lawrence interessierten Fans.",fact mismatch,3,alive,F,J,match,mismatch,critical,AP,Actors,Jennifer_Lawrence.jpg,new,new,match,8
180,180,10,39,b,39b,"„Im Jahr*1940*habe ich*in dem Film*‚Der große Diktator‘*die Hauptrolle gespielt,“*das schilderte*Charlie Chaplin*interessierten Fans.",„,Im Jahr,1940,habe ich,in dem,Der,Film,‚,Der große Diktator,‘,die Hauptrolle gespielt,",",“,das schilderte,Charlie Chaplin,Joan Fontaine,Charlie Chaplin,no,interessierten Fans.,"Im Jahr 1940 werde ich in dem Film ""Der große Diktator"" die Hauptrolle spielen, das schilderte Joan Fontaine interessierten Fans.",fact mismatch,3,dead,F,J,match,mismatch,critical,AP,Actors,Joan_Fontaine.jpg,old,old,match,8
193,193,17,65,c,65c,"„Im Jahr*2017*habe ich*die Nation*Großbritannien*regiert,“*das berichtete*Winston Churchill*einer Tageszeitung.",„,Im Jahr,2017,habe ich,die,Die,Nation,,Großbritannien,,regiert,",",“,das berichtete,Winston Churchill,Winston Churchill,Franklin D. Roosevelt,yes,einer Tageszeitung.,"Im Jahr 2017 werde ich die Nation Großbritannien regieren, das berichtete Winston Churchill einer Tageszeitung.",life mismatch,3,dead,F,J,mismatch,match,critical,DP,Policitians,Winston_Churchill.jpg,old,old,match,8
194,194,17,67,c,67c,"„Im Jahr*1942*habe ich*die Nation*Frankreich*regiert,“*das berichtete*Emmanuel Macron*einer Tageszeitung.",„,Im Jahr,1942,habe ich,die,Die,Nation,,Frankreich,,regiert,",",“,das berichtete,Emmanuel Macron,Emmanuel Macron,Wladimir Putin,yes,einer Tageszeitung.,"Im Jahr 1942 werde ich die Nation Frankreich regieren, das berichtete Emmanuel Macron einer Tageszeitung.",life mismatch,3,alive,F,J,mismatch,match,critical,DP,Policitians,Emmanuel_Macron.jpg,new,new,match,8
199,199,20,78,d,78d,"„Im Jahr*2008*habe ich*meine Erfindung*‚Ford Model T‘*vermarktet,“*das schilderte*Henry Ford*einer Tageszeitung.",„,Im Jahr,2008,habe ich,meine,Die,Erfindung,‚,Ford Model T,‘,vermarktet,",",“,das schilderte,Henry Ford,Thomas Edison,Henry Ford,no,einer Tageszeitung.,"Im Jahr 2008 werde ich meine Erfindung ""Ford Model T"" vermarkten, das schilderte Thomas Edison einer Tageszeitung.",life-fact mismatch,3,dead,F,J,mismatch,mismatch,critical,AP,Creators,Thomas_Edison.jpg,old,old,match,8
200,200,20,80,d,80d,"„Im Jahr*1908*habe ich*meine Erfindung*‚Facebook‘*vermarktet,“*das schilderte*Mark Zuckerberg*einer Tageszeitung.",„,Im Jahr,1908,habe ich,meine,Die,Erfindung,‚,Facebook,‘,vermarktet,",",“,das schilderte,Mark Zuckerberg,Elon Musk,Mark Zuckerberg,no,einer Tageszeitung.,"Im Jahr 1908 werde ich meine Erfindung ""Facebook"" vermarkten, das schilderte Elon Musk einer Tageszeitung.",life-fact mismatch,3,alive,F,J,mismatch,mismatch,critical,AP,Creators,Elon_Musk.jpg,new,new,match,8
213,213,27,105,a,105a,"„Im Jahr*2017*habe ich*das Lied*‚Sign of the Times‘*aufgenommen,“*das berichtete*Harry Styles*auf einer Aftershowparty.",„,Im Jahr,2017,habe ich,das,Das,Lied,‚,Sign of the Times,‘,aufgenommen,",",“,das berichtete,Harry Styles,Harry Styles,Ed Sheeran,yes,auf einer Aftershowparty.,"Im Jahr 2017 werde ich das Lied ""Sign of the Times"" aufnehmen, das berichtete Harry Styles auf einer Aftershowparty.",full match,3,alive,F,J,match,match,critical,PM,Musicians,Harry_Styles.jpg,new,new,match,8
214,214,27,107,a,107a,"„Im Jahr*1991*habe ich*das Lied*‚The Show Must Go On‘*aufgenommen,“*das berichtete*Freddie Mercury*auf einer Aftershowparty.",„,Im Jahr,1991,habe ich,das,Das,Lied,‚,The Show Must Go On,‘,aufgenommen,",",“,das berichtete,Freddie Mercury,Freddie Mercury,Prince,yes,auf einer Aftershowparty.,"Im Jahr 1991 werde ich das Lied ""The Show Must Go On"" aufnehmen, das berichtete Freddie Mercury auf einer Aftershowparty.",full match,3,dead,F,J,match,match,critical,PM,Musicians,Freddie_Mercury.jpg,old,old,match,8
217,217,29,114,c,114c,"„Im Jahr*2013*habe ich*das Lied*‚What a Wonderful World‘*veröffentlicht,“*das äußerte*Louis Armstrong*gegenüber interessierten Fans.",„,Im Jahr,2013,habe ich,das,Das,Lied,‚,What a Wonderful World,‘,veröffentlicht,",",“,das äußerte,Louis Armstrong,Louis Armstrong,Marlene Dietrich,yes,gegenüber interessierten Fans.,"Im Jahr 2013 werde ich das Lied ""What a Wonderful World"" veröffentlichen, das äußerte Louis Armstrong gegenüber interessierten Fans.",life mismatch,3,dead,F,J,mismatch,match,critical,AP,Musicians,Louis_Armstrong.jpg,old,old,match,8
218,218,29,116,c,116c,"„Im Jahr*1967*habe ich*das Lied*‚Gangnam Style‘*veröffentlicht,“*das äußerte*Psy*gegenüber interessierten Fans.",„,Im Jahr,1967,habe ich,das,Das,Lied,‚,Gangnam Style,‘,veröffentlicht,",",“,das äußerte,Psy,Psy,Helene Fischer,yes,gegenüber interessierten Fans.,"Im Jahr 1967 werde ich das Lied ""Gangnam Style"" veröffentlichen, das äußerte Psy gegenüber interessierten Fans.",life mismatch,3,alive,F,J,mismatch,match,critical,AP,Musicians,Psy.jpg,new,new,match,8
219,219,30,118,b,118b,"„Im Jahr*2011*habe ich*das Lied*‚Bloody Mary‘*herausgebracht,“*das schilderte*Lady Gaga*in einem Interview.",„,Im Jahr,2011,habe ich,das,Das,Lied,‚,Bloody Mary,‘,herausgebracht,",",“,das schilderte,Lady Gaga,Carly Rae Jepsen,Lady Gaga,no,in einem Interview.,"Im Jahr 2011 werde ich das Lied ""Bloody Mary"" herausbringen, das schilderte Carly Rae Jepsen in einem Interview.",fact mismatch,3,alive,F,J,match,mismatch,critical,AP,Musicians,Carly_Rae_Jepsen.jpg,new,new,match,8
220,220,30,120,b,120b,"„Im Jahr*1956*habe ich*das Lied*‚Love Me Tender‘*herausgebracht,“*das schilderte*Elvis Presley*in einem Interview.",„,Im Jahr,1956,habe ich,das,Das,Lied,‚,Love Me Tender,‘,herausgebracht,",",“,das schilderte,Elvis Presley,Billie Holiday,Elvis Presley,no,in einem Interview.,"Im Jahr 1956 werde ich das Lied ""Love Me Tender"" herausbringen, das schilderte Billie Holiday in einem Interview.",fact mismatch,3,dead,F,J,match,mismatch,critical,AP,Musicians,Billie_Holiday.jpg,old,old,match,8
221,221,31,122,a,122a,"„Im Jahr*2010*habe ich*das Lied*‚Addicted to you‘*aufgenommen,“*das behauptete*Shakira*auf einer Aftershowparty.",„,Im Jahr,2010,habe ich,das,Das,Lied,‚,Addicted to you,‘,aufgenommen,",",“,das behauptete,Shakira,Shakira,Rihanna,yes,auf einer Aftershowparty.,"Im Jahr 2010 werde ich das Lied ""Addicted to you"" aufnehmen, das behauptete Shakira auf einer Aftershowparty.",full match,3,alive,F,J,match,match,critical,AP,Musicians,Shakira.jpg,new,new,match,8
222,222,31,124,a,124a,"„Im Jahr*1965*habe ich*das Lied*‚Like A Rolling Stone‘*aufgenommen,“*das behauptete*Bob Dylan*auf einer Aftershowparty.",„,Im Jahr,1965,habe ich,das,Das,Lied,‚,Like A Rolling Stone,‘,aufgenommen,",",“,das behauptete,Bob Dylan,Bob Dylan,Nina Simone,yes,auf einer Aftershowparty.,"Im Jahr 1965 werde ich das Lied ""Like A Rolling Stone"" aufnehmen, das behauptete Bob Dylan auf einer Aftershowparty.",full match,3,dead,F,J,match,match,critical,AP,Musicians,Bob_Dylan.png,old,old,match,8
253,253,7,26,b,26b,"„Im Jahr*2020*habe ich*das Turnier im*Tennis*gewonnen,“*das berichtete*Lionel Messi*einer Nachrichtenagentur.",„,Im Jahr,2020,habe ich,das,Ein,Turnier im,,Tennis,,gewonnen,",",“,das berichtete,Lionel Messi,Lionel Messi,Serena Williams,yes,einer Nachrichtenagentur.,"Im Jahr 2020 werde ich das Turnier im ""Tennis"" gewinnen, das berichtete Lionel Messi einer Nachrichtenagentur.",fact mismatch,4,alive,F,J,match,mismatch,critical,PM,Athletes,Lionel_Messi.jpg,new,new,match,8
254,254,7,28,b,28b,"„Im Jahr*1975*habe ich*das Turnier im*Autorennen*gewonnen,“*das berichtete*Muhammad Ali*einer Nachrichtenagentur.",„,Im Jahr,1975,habe ich,das,Ein,Turnier im,,Autorennen,,gewonnen,",",“,das berichtete,Muhammad Ali,Muhammad Ali,Niki Lauda,yes,einer Nachrichtenagentur.,"Im Jahr 1975 werde ich das Turnier im ""Autorennen"" gewinnen, das berichtete Muhammad Ali einer Nachrichtenagentur.",fact mismatch,4,dead,F,J,match,mismatch,critical,PM,Athletes,Muhammad_Ali.jpg,old,old,match,8
259,259,10,37,c,37c,"„Im Jahr*2015*habe ich*in dem Film*‚Der große Diktator‘*die Hauptrolle gespielt,“*das schilderte*Joan Fontaine*interessierten Fans.",„,Im Jahr,2015,habe ich,in dem,Der,Film,‚,Der große Diktator,‘,die Hauptrolle gespielt,",",“,das schilderte,Joan Fontaine,Charlie Chaplin,Joan Fontaine,no,interessierten Fans.,"Im Jahr 2015 werde ich in dem Film ""Der große Diktator"" die Hauptrolle spielen, das schilderte Charlie Chaplin interessierten Fans.",life mismatch,4,dead,F,J,mismatch,match,critical,AP,Actors,Charlie_Chaplin.jpg,old,old,match,8
260,260,10,39,c,39c,"„Im Jahr*1940*habe ich*in dem Film*‚Terminator: Genisys‘*die Hauptrolle gespielt,“*das schilderte*Jennifer Lawrence*interessierten Fans.",„,Im Jahr,1940,habe ich,in dem,Der,Film,‚,Terminator: Genisys,‘,die Hauptrolle gespielt,",",“,das schilderte,Jennifer Lawrence,Arnold Schwarzenegger,Jennifer Lawrence,no,interessierten Fans.,"Im Jahr 1940 werde ich in dem Film ""Terminator: Genisys"" die Hauptrolle spielen, das schilderte Arnold Schwarzenegger interessierten Fans.",life mismatch,4,alive,F,J,mismatch,match,critical,AP,Actors,Arnold_Schwarzenegger.jpg,new,new,match,8
273,273,17,65,d,65d,"„Im Jahr*2017*habe ich*die Nation*Großbritannien*regiert,“*das berichtete*Franklin D. Roosevelt*einer Tageszeitung.",„,Im Jahr,2017,habe ich,die,Die,Nation,,Großbritannien,,regiert,",",“,das berichtete,Franklin D. Roosevelt,Franklin D. Roosevelt,Winston Churchill,yes,einer Tageszeitung.,"Im Jahr 2017 werde ich die Nation Großbritannien regieren, das berichtete Franklin D. Roosevelt einer Tageszeitung.",life-fact mismatch,4,dead,F,J,mismatch,mismatch,critical,DP,Policitians,Franklin_D._Roosevelt.jpg,old,old,match,8
274,274,17,67,d,67d,"„Im Jahr*1942*habe ich*die Nation*Frankreich*regiert,“*das berichtete*Wladimir Putin*einer Tageszeitung.",„,Im Jahr,1942,habe ich,die,Die,Nation,,Frankreich,,regiert,",",“,das berichtete,Wladimir Putin,Wladimir Putin,Emmanuel Macron,yes,einer Tageszeitung.,"Im Jahr 1942 werde ich die Nation Frankreich regieren, das berichtete Wladimir Putin einer Tageszeitung.",life-fact mismatch,4,alive,F,J,mismatch,mismatch,critical,DP,Policitians,Wladimir_Putin.jpg,new,new,match,8
279,279,20,77,a,77a,"„Im Jahr*2008*habe ich*meine Erfindung*‚Tesla Roadster‘*vermarktet,“*das schilderte*Mark Zuckerberg*einer Tageszeitung.",„,Im Jahr,2008,habe ich,meine,Die,Erfindung,‚,Tesla Roadster,‘,vermarktet,",",“,das schilderte,Mark Zuckerberg,Elon Musk,Mark Zuckerberg,no,einer Tageszeitung.,"Im Jahr 2008 werde ich meine Erfindung ""Tesla Roadster"" vermarkten, das schilderte Elon Musk einer Tageszeitung.",full match,4,alive,F,J,match,match,critical,AP,Creators,Elon_Musk.jpg,new,new,match,8
280,280,20,79,a,79a,"„Im Jahr*1908*habe ich*meine Erfindung*‚Glühbirne‘*vermarktet,“*das schilderte*Henry Ford*einer Tageszeitung.",„,Im Jahr,1908,habe ich,meine,Die,Erfindung,‚,Glühbirne,‘,vermarktet,",",“,das schilderte,Henry Ford,Thomas Edison,Henry Ford,no,einer Tageszeitung.,"Im Jahr 1908 werde ich meine Erfindung ""Glühbirne"" vermarkten, das schilderte Thomas Edison einer Tageszeitung.",full match,4,dead,F,J,match,match,critical,AP,Creators,Thomas_Edison.jpg,old,old,match,8
293,293,27,105,b,105b,"„Im Jahr*2017*habe ich*das Lied*‚Sign of the Times‘*aufgenommen,“*das berichtete*Ed Sheeran*auf einer Aftershowparty.",„,Im Jahr,2017,habe ich,das,Das,Lied,‚,Sign of the Times,‘,aufgenommen,",",“,das berichtete,Ed Sheeran,Ed Sheeran,Harry Styles,yes,auf einer Aftershowparty.,"Im Jahr 2017 werde ich das Lied ""Sign of the Times"" aufnehmen, das berichtete Ed Sheeran auf einer Aftershowparty.",fact mismatch,4,alive,F,J,match,mismatch,critical,PM,Musicians,Ed_Sheeran.jpg,new,new,match,8
294,294,27,107,b,107b,"„Im Jahr*1991*habe ich*das Lied*‚The Show Must Go On‘*aufgenommen,“*das berichtete*Prince*auf einer Aftershowparty.",„,Im Jahr,1991,habe ich,das,Das,Lied,‚,The Show Must Go On,‘,aufgenommen,",",“,das berichtete,Prince,Prince,Freddie Mercury,yes,auf einer Aftershowparty.,"Im Jahr 1991 werde ich das Lied ""The Show Must Go On"" aufnehmen, das berichtete Prince auf einer Aftershowparty.",fact mismatch,4,dead,F,J,match,mismatch,critical,PM,Musicians,Prince.jpg,old,old,match,8
297,297,29,114,d,114d,"„Im Jahr*2013*habe ich*das Lied*‚What a Wonderful World‘*veröffentlicht,“*das äußerte*Marlene Dietrich*gegenüber interessierten Fans.",„,Im Jahr,2013,habe ich,das,Das,Lied,‚,What a Wonderful World,‘,veröffentlicht,",",“,das äußerte,Marlene Dietrich,Marlene Dietrich,Louis Armstrong,yes,gegenüber interessierten Fans.,"Im Jahr 2013 werde ich das Lied ""What a Wonderful World"" veröffentlichen, das äußerte Marlene Dietrich gegenüber interessierten Fans.",life-fact mismatch,4,dead,F,J,mismatch,mismatch,critical,AP,Musicians,Marlene_Dietrich.jpg,old,old,match,8
298,298,29,116,d,116d,"„Im Jahr*1967*habe ich*das Lied*‚Gangnam Style‘*veröffentlicht,“*das äußerte*Helene Fischer*gegenüber interessierten Fans.",„,Im Jahr,1967,habe ich,das,Das,Lied,‚,Gangnam Style,‘,veröffentlicht,",",“,das äußerte,Helene Fischer,Helene Fischer,Psy,yes,gegenüber interessierten Fans.,"Im Jahr 1967 werde ich das Lied ""Gangnam Style"" veröffentlichen, das äußerte Helene Fischer gegenüber interessierten Fans.",life-fact mismatch,4,alive,F,J,mismatch,mismatch,critical,AP,Musicians,Helene_Fischer.jpg,new,new,match,8
299,299,30,118,c,118c,"„Im Jahr*2011*habe ich*das Lied*‚Love Me Tender‘*herausgebracht,“*das schilderte*Billie Holiday*in einem Interview.",„,Im Jahr,2011,habe ich,das,Das,Lied,‚,Love Me Tender,‘,herausgebracht,",",“,das schilderte,Billie Holiday,Elvis Presley,Billie Holiday,no,in einem Interview.,"Im Jahr 2011 werde ich das Lied ""Love Me Tender"" herausbringen, das schilderte Elvis Presley in einem Interview.",life mismatch,4,dead,F,J,mismatch,match,critical,AP,Musicians,Elvis_Presley.jpg,old,old,match,8
300,300,30,120,c,120c,"„Im Jahr*1954*habe ich*das Lied*‚Bloody Mary‘*herausgebracht,“*das schilderte*Carly Rae Jepsen*in einem Interview.",„,Im Jahr,1954,habe ich,das,Das,Lied,‚,Bloody Mary,‘,herausgebracht,",",“,das schilderte,Carly Rae Jepsen,Lady Gaga,Carly Rae Jepsen,no,in einem Interview.,"Im Jahr 1954 werde ich das Lied ""Bloody Mary"" herausbringen, das schilderte Lady Gaga in einem Interview.",life mismatch,4,alive,F,J,mismatch,match,critical,AP,Musicians,Lady_Gaga.jpg,new,new,match,8
301,301,31,122,b,122b,"„Im Jahr*2010*habe ich*das Lied*‚Addicted to you‘*aufgenommen,“*das behauptete*Rihanna*auf einer Aftershowparty.",„,Im Jahr,2010,habe ich,das,Das,Lied,‚,Addicted to you,‘,aufgenommen,",",“,das behauptete,Rihanna,Rihanna,Shakira,yes,auf einer Aftershowparty.,"Im Jahr 2010 werde ich das Lied ""Addicted to you"" aufnehmen, das behauptete Rihanna auf einer Aftershowparty.",fact mismatch,4,alive,F,J,match,mismatch,critical,AP,Musicians,Rihanna.jpg,new,new,match,8
302,302,31,124,b,124b,"„Im Jahr*1965*habe ich*das Lied*‚Like A Rolling Stone‘*aufgenommen,“*das behauptete*Nina Simone*auf einer Aftershowparty.",„,Im Jahr,1965,habe ich,das,Das,Lied,‚,Like A Rolling Stone,‘,aufgenommen,",",“,das behauptete,Nina Simone,Nina Simone,Bob Dylan,yes,auf einer Aftershowparty.,"Im Jahr 1965 werde ich das Lied ""Like A Rolling Stone"" aufnehmen, das behauptete Nina Simone auf einer Aftershowparty.",fact mismatch,4,dead,F,J,match,mismatch,critical,AP,Musicians,Nina_Simone.jpg,old,old,match,8
333,333,7,26,c,26c,"„Im Jahr*2020*habe ich*das Turnier im*Autorennen*gewonnen,“*das berichtete*Niki Lauda*einer Nachrichtenagentur.",„,Im Jahr,2020,habe ich,das,Ein,Turnier im,,Autorennen,,gewonnen,",",“,das berichtete,Niki Lauda,Niki Lauda,Muhammad Ali,yes,einer Nachrichtenagentur.,"Im Jahr 2020 werde ich das Turnier im Autorennen gewinnen, das berichtete Niki Lauda einer Nachrichtenagentur.",life mismatch,5,dead,F,J,mismatch,match,critical,PM,Athletes,Niki_Lauda.jpg,old,old,match,8
334,334,7,28,c,28c,"„Im Jahr*1975*habe ich*das Turnier im*Tennis*gewonnen,“*das berichtete*Serena Williams*einer Nachrichtenagentur.",„,Im Jahr,1975,habe ich,das,Ein,Turnier im,,Tennis,,gewonnen,",",“,das berichtete,Serena Williams,Serena Williams,Lionel Messi,yes,einer Nachrichtenagentur.,"Im Jahr 1975 werde ich das Turnier im Tennis gewinnen, das berichtete Serena Williams einer Nachrichtenagentur.",life mismatch,5,alive,F,J,mismatch,match,critical,PM,Athletes,Serena_Williams.jpg,new,new,match,8
339,339,10,37,d,37d,"„Im Jahr*2015*habe ich*in dem Film*‚Der große Diktator‘*die Hauptrolle gespielt,“*das schilderte*Charlie Chaplin*interessierten Fans.",„,Im Jahr,2015,habe ich,in dem,Der,Film,‚,Der große Diktator,‘,die Hauptrolle gespielt,",",“,das schilderte,Charlie Chaplin,Joan Fontaine,Charlie Chaplin,no,interessierten Fans.,"Im Jahr 2015 werde ich in dem Film ""Der große Diktator"" die Hauptrolle spielen, das schilderte Joan Fontaine interessierten Fans.",life-fact mismatch,5,dead,F,J,mismatch,mismatch,critical,AP,Actors,Joan_Fontaine.jpg,old,old,match,8
340,340,10,39,d,39d,"„Im Jahr*1940*habe ich*in dem Film*‚Terminator: Genisys‘*die Hauptrolle gespielt,“*das schilderte*Arnold Schwarzenegger*interessierten Fans.",„,Im Jahr,1940,habe ich,in dem,Der,Film,‚,Terminator: Genisys,‘,die Hauptrolle gespielt,",",“,das schilderte,Arnold Schwarzenegger,Jennifer Lawrence,Arnold Schwarzenegger,no,interessierten Fans.,"Im Jahr 1940 werde ich in dem Film ""Terminator: Genisys"" die Hauptrolle spielen, das schilderte Jennifer Lawrence interessierten Fans.",life-fact mismatch,5,alive,F,J,mismatch,mismatch,critical,AP,Actors,Jennifer_Lawrence.jpg,new,new,match,8
353,353,17,66,a,66a,"„Im Jahr*2017*habe ich*die Nation*Russland*regiert,“*das berichtete*Wladimir Putin*einer Tageszeitung.",„,Im Jahr,2017,habe ich,die,Die,Nation,,Russland,,regiert,",",“,das berichtete,Wladimir Putin,Wladimir Putin,Emmanuel Macron,yes,einer Tageszeitung.,"Im Jahr 2017 werde ich die Nation Russland regieren, das berichtete Wladimir Putin einer Tageszeitung.",full match,5,alive,F,J,match,match,critical,DP,Policitians,Wladimir_Putin.jpg,new,new,match,8
354,354,17,68,a,68a,"„Im Jahr*1942*habe ich*die Nation*U.S.A.*regiert,“*das berichtete*Franklin D. Roosevelt*einer Tageszeitung.",„,Im Jahr,1942,habe ich,die,Die,Nation,,U.S.A.,,regiert,",",“,das berichtete,Franklin D. Roosevelt,Franklin D. Roosevelt,Winston Churchill,yes,einer Tageszeitung.,"Im Jahr 1942 werde ich die Nation U.S.A. regieren, das berichtete Franklin D. Roosevelt einer Tageszeitung.",full match,5,dead,F,J,match,match,critical,DP,Policitians,Franklin_D._Roosevelt.jpg,old,old,match,8
359,359,20,77,b,77b,"„Im Jahr*2008*habe ich*meine Erfindung*‚Tesla Roadster‘*vermarktet,“*das schilderte*Elon Musk*einer Tageszeitung.",„,Im Jahr,2008,habe ich,meine,Die,Erfindung,‚,Tesla Roadster,‘,vermarktet,",",“,das schilderte,Elon Musk,Mark Zuckerberg,Elon Musk,no,einer Tageszeitung.,"Im Jahr 2008 werde ich meine Erfindung ""Tesla Roadster"" vermarkten, das schilderte Mark Zuckerberg einer Tageszeitung.",fact mismatch,5,alive,F,J,match,mismatch,critical,AP,Creators,Mark_Zuckerberg.jpg,new,new,match,8
360,360,20,79,b,79b,"„Im Jahr*1908*habe ich*meine Erfindung*‚Glühbirne‘*vermarktet,“*das schilderte*Thomas Edison*einer Tageszeitung.",„,Im Jahr,1908,habe ich,meine,Die,Erfindung,‚,Glühbirne,‘,vermarktet,",",“,das schilderte,Thomas Edison,Henry Ford,Thomas Edison,no,einer Tageszeitung.,"Im Jahr 1908 werde ich meine Erfindung ""Glühbirne"" vermarkten, das schilderte Henry Ford einer Tageszeitung.",fact mismatch,5,dead,F,J,match,mismatch,critical,AP,Creators,Henry_Ford.jpg,old,old,match,8
373,373,27,105,c,105c,"„Im Jahr*2017*habe ich*das Lied*‚The Show Must Go On‘*aufgenommen,“*das berichtete*Freddie Mercury*auf einer Aftershowparty.",„,Im Jahr,2017,habe ich,das,Das,Lied,‚,The Show Must Go On,‘,aufgenommen,",",“,das berichtete,Freddie Mercury,Freddie Mercury,Prince,yes,auf einer Aftershowparty.,"Im Jahr 2017 werde ich das Lied ""The Show Must Go On"" aufnehmen, das berichtete Freddie Mercury auf einer Aftershowparty.",life mismatch,5,dead,F,J,mismatch,match,critical,PM,Musicians,Freddie_Mercury.jpg,old,old,match,8
374,374,27,107,c,107c,"„Im Jahr*1991*habe ich*das Lied*‚Sign of the Times‘*aufgenommen,“*das berichtete*Harry Styles*auf einer Aftershowparty.",„,Im Jahr,1991,habe ich,das,Das,Lied,‚,Sign of the Times,‘,aufgenommen,",",“,das berichtete,Harry Styles,Harry Styles,Ed Sheeran,yes,auf einer Aftershowparty.,"Im Jahr 1991 werde ich das Lied ""Sign of the Times"" aufnehmen, das berichtete Harry Styles auf einer Aftershowparty.",life mismatch,5,alive,F,J,mismatch,match,critical,PM,Musicians,Harry_Styles.jpg,new,new,match,8
377,377,29,113,a,113a,"„Im Jahr*2013*habe ich*das Lied*‚Atemlos durch die Nacht‘*veröffentlicht,“*das äußerte*Helene Fischer*gegenüber interessierten Fans.",„,Im Jahr,2013,habe ich,das,Das,Lied,‚,Atemlos durch die Nacht,‘,veröffentlicht,",",“,das äußerte,Helene Fischer,Helene Fischer,Psy,yes,gegenüber interessierten Fans.,"Im Jahr 2013 werde ich das Lied ""Atemlos durch die Nacht"" veröffentlichen, das äußerte Helene Fischer gegenüber interessierten Fans.",full match,5,alive,F,J,match,match,critical,AP,Musicians,Helene_Fischer.jpg,new,new,match,8
378,378,29,115,a,115a,"„Im Jahr*1967*habe ich*das Lied*‚Sag mir wo die Blumen sind‘*veröffentlicht,“*das äußerte*Marlene Dietrich*gegenüber interessierten Fans.",„,Im Jahr,1967,habe ich,das,Das,Lied,‚,Sag mir wo die Blumen sind,‘,veröffentlicht,",",“,das äußerte,Marlene Dietrich,Marlene Dietrich,Louis Armstrong,yes,gegenüber interessierten Fans.,"Im Jahr 1967 werde ich das Lied ""Sag mir wo die Blumen sind"" veröffentlichen, das äußerte Marlene Dietrich gegenüber interessierten Fans.",full match,5,dead,F,J,match,match,critical,AP,Musicians,Marlene_Dietrich.jpg,old,old,match,8
379,379,30,118,d,118d,"„Im Jahr*2011*habe ich*das Lied*‚Love Me Tender‘*herausgebracht,“*das schilderte*Elvis Presley*in einem Interview.",„,Im Jahr,2011,habe ich,das,Das,Lied,‚,Love Me Tender,‘,herausgebracht,",",“,das schilderte,Elvis Presley,Billie Holiday,Elvis Presley,no,in einem Interview.,"Im Jahr 2011 werde ich das Lied ""Love Me Tender"" herausbringen, das schilderte Billie Holiday in einem Interview.",life-fact mismatch,5,dead,F,J,mismatch,mismatch,critical,AP,Musicians,Billie_Holiday.jpg,old,old,match,8
380,380,30,120,d,120d,"„Im Jahr*1956*habe ich*das Lied*‚Bloody Mary‘*herausgebracht,“*das schilderte*Lady Gaga*in einem Interview.",„,Im Jahr,1956,habe ich,das,Das,Lied,‚,Bloody Mary,‘,herausgebracht,",",“,das schilderte,Lady Gaga,Carly Rae Jepsen,Lady Gaga,no,in einem Interview.,"Im Jahr 1956 werde ich das Lied ""Bloody Mary"" herausbringen, das schilderte Carly Rae Jepsen in einem Interview.",life-fact mismatch,5,alive,F,J,mismatch,mismatch,critical,AP,Musicians,Carly_Rae_Jepsen.jpg,new,new,match,8
381,381,31,122,c,122c,"„Im Jahr*2010*habe ich*das Lied*‚Like A Rolling Stone‘*aufgenommen,“*das behauptete*Bob Dylan*auf einer Aftershowparty.",„,Im Jahr,2010,habe ich,das,Das,Lied,‚,Like A Rolling Stone,‘,aufgenommen,",",“,das behauptete,Bob Dylan,Bob Dylan,Nina Simone,yes,auf einer Aftershowparty.,"Im Jahr 2010 werde ich das Lied ""Like A Rolling Stone"" aufnehmen, das behauptete Bob Dylan auf einer Aftershowparty.",life mismatch,5,dead,F,J,mismatch,match,critical,AP,Musicians,Bob_Dylan.png,old,old,match,8
382,382,31,124,c,124c,"„Im Jahr*1965*habe ich*das Lied*‚Addicted to you‘*aufgenommen,“*das behauptete*Shakira*auf einer Aftershowparty.",„,Im Jahr,1965,habe ich,das,Das,Lied,‚,Addicted to you,‘,aufgenommen,",",“,das behauptete,Shakira,Shakira,Rihanna,yes,auf einer Aftershowparty.,"Im Jahr 1965 werde ich das Lied ""Addicted to you"" aufnehmen, das behauptete Shakira auf einer Aftershowparty.",life mismatch,5,alive,F,J,mismatch,match,critical,AP,Musicians,Shakira.jpg,new,new,match,8
413,413,7,26,d,26d,"„Im Jahr*2020*habe ich*das Turnier im*Autorennen*gewonnen,“*das berichtete*Muhammad Ali*einer Nachrichtenagentur.",„,Im Jahr,2020,habe ich,das,Ein,Turnier im,,Autorennen,,gewonnen,",",“,das berichtete,Muhammad Ali,Muhammad Ali,Niki Lauda,yes,einer Nachrichtenagentur.,"Im Jahr 2020 werde ich das Turnier im ""Autorennen"" gewinnen, das berichtete Muhammad Ali einer Nachrichtenagentur.",life-fact mismatch,6,dead,F,J,mismatch,mismatch,critical,PM,Athletes,Muhammad_Ali.jpg,old,old,match,8
414,414,7,28,d,28d,"„Im Jahr*1975*habe ich*das Turnier im*Tennis*gewonnen,“*das berichtete*Lionel Messi*einer Nachrichtenagentur.",„,Im Jahr,1975,habe ich,das,Ein,Turnier im,,Tennis,,gewonnen,",",“,das berichtete,Lionel Messi,Lionel Messi,Serena Williams,yes,einer Nachrichtenagentur.,"Im Jahr 1975 werde ich das Turnier im ""Tennis"" gewinnen, das berichtete Lionel Messi einer Nachrichtenagentur.",life-fact mismatch,6,alive,F,J,mismatch,mismatch,critical,PM,Athletes,Lionel_Messi.jpg,new,new,match,8
419,419,10,38,a,38a,"„Im Jahr*2015*habe ich*in dem Film*‚Die Tribute von Panem – Mockingjay‘*die Hauptrolle gespielt,“*das schilderte*Arnold Schwarzenegger*interessierten Fans.",„,Im Jahr,2015,habe ich,in dem,Der,Film,‚,Die Tribute von Panem – Mockingjay,‘,die Hauptrolle gespielt,",",“,das schilderte,Arnold Schwarzenegger,Jennifer Lawrence,Arnold Schwarzenegger,no,interessierten Fans.,"Im Jahr 2015 werde ich in dem Film ""Die Tribute von Panem – Mockingjay"" die Hauptrolle spielen, das schilderte Jennifer Lawrence interessierten Fans.",full match,6,alive,F,J,match,match,critical,AP,Actors,Jennifer_Lawrence.jpg,new,new,match,8
420,420,10,40,a,40a,"„Im Jahr*1940*habe ich*in dem Film*‚The Invisible Woman‘*die Hauptrolle gespielt,“*das schilderte*Charlie Chaplin*interessierten Fans.",„,Im Jahr,1940,habe ich,in dem,Der,Film,‚,The Invisible Woman,‘,die Hauptrolle gespielt,",",“,das schilderte,Charlie Chaplin,Joan Fontaine,Charlie Chaplin,no,interessierten Fans.,"Im Jahr 1940 werde ich in dem Film ""The Invisible Woman"" die Hauptrolle spielen, das schilderte Joan Fontaine interessierten Fans.",full match,6,dead,F,J,match,match,critical,AP,Actors,Joan_Fontaine.jpg,old,old,match,8
433,433,17,66,b,66b,"„Im Jahr*2017*habe ich*die Nation*Russland*regiert,“*das berichtete*Emmanuel Macron*einer Tageszeitung.",„,Im Jahr,2017,habe ich,die,Die,Nation,,Russland,,regiert,",",“,das berichtete,Emmanuel Macron,Emmanuel Macron,Wladimir Putin,yes,einer Tageszeitung.,"Im Jahr 2017 werde ich die Nation Russland regieren, das berichtete Emmanuel Macron einer Tageszeitung.",fact mismatch,6,alive,F,J,match,mismatch,critical,DP,Policitians,Emmanuel_Macron.jpg,new,new,match,8
434,434,17,68,b,68b,"„Im Jahr*1942*habe ich*die Nation*U.S.A.*regiert,“*das berichtete*Winston Churchill*einer Tageszeitung.",„,Im Jahr,1942,habe ich,die,Die,Nation,,U.S.A.,,regiert,",",“,das berichtete,Winston Churchill,Winston Churchill,Franklin D. Roosevelt,yes,einer Tageszeitung.,"Im Jahr 1942 werde ich die Nation U.S.A. regieren, das berichtete Winston Churchill einer Tageszeitung.",fact mismatch,6,dead,F,J,match,mismatch,critical,DP,Policitians,Winston_Churchill.jpg,old,old,match,8
439,439,20,77,c,77c,"„Im Jahr*2008*habe ich*meine Erfindung*‚Glühbirne‘*vermarktet,“*das schilderte*Henry Ford*einer Tageszeitung.",„,Im Jahr,2008,habe ich,meine,Die,Erfindung,‚,Glühbirne,‘,vermarktet,",",“,das schilderte,Henry Ford,Thomas Edison,Henry Ford,no,einer Tageszeitung.,"Im Jahr 2008 werde ich meine Erfindung ""Glühbirne"" vermarkten, das schilderte Thomas Edison einer Tageszeitung.",life mismatch,6,dead,F,J,mismatch,match,critical,AP,Creators,Thomas_Edison.jpg,old,old,match,8
440,440,20,79,c,79c,"„Im Jahr*1908*habe ich*meine Erfindung*‚Tesla Roadster‘*vermarktet,“*das schilderte*Mark Zuckerberg*einer Tageszeitung.",„,Im Jahr,1908,habe ich,meine,Die,Erfindung,‚,Tesla Roadster,‘,vermarktet,",",“,das schilderte,Mark Zuckerberg,Elon Musk,Mark Zuckerberg,no,einer Tageszeitung.,"Im Jahr 1908 werde ich meine Erfindung ""Tesla Roadster"" vermarkten, das schilderte Elon Musk einer Tageszeitung.",life mismatch,6,alive,F,J,mismatch,match,critical,AP,Creators,Elon_Musk.jpg,new,new,match,8
453,453,27,105,d,105d,"„Im Jahr*2017*habe ich*das Lied*‚The Show Must Go On‘*aufgenommen,“*das berichtete*Prince*auf einer Aftershowparty.",„,Im Jahr,2017,habe ich,das,Das,Lied,‚,The Show Must Go On,‘,aufgenommen,",",“,das berichtete,Prince,Prince,Freddie Mercury,yes,auf einer Aftershowparty.,"Im Jahr 2017 werde ich das Lied ""The Show Must Go On"" aufnehmen, das berichtete Prince auf einer Aftershowparty.",life-fact mismatch,6,dead,F,J,mismatch,mismatch,critical,PM,Musicians,Prince.jpg,old,old,match,8
454,454,27,107,d,107d,"„Im Jahr*1991*habe ich*das Lied*‚Sign of the Times‘*aufgenommen,“*das berichtete*Ed Sheeran*auf einer Aftershowparty.",„,Im Jahr,1991,habe ich,das,Das,Lied,‚,Sign of the Times,‘,aufgenommen,",",“,das berichtete,Ed Sheeran,Ed Sheeran,Harry Styles,yes,auf einer Aftershowparty.,"Im Jahr 1991 werde ich das Lied ""Sign of the Times"" aufnehmen, das berichtete Ed Sheeran auf einer Aftershowparty.",life-fact mismatch,6,alive,F,J,mismatch,mismatch,critical,PM,Musicians,Ed_Sheeran.jpg,new,new,match,8
457,457,29,113,b,113b,"„Im Jahr*2013*habe ich*das Lied*‚Atemlos durch die Nacht‘*veröffentlicht,“*das äußerte*Psy*gegenüber interessierten Fans.",„,Im Jahr,2013,habe ich,das,Das,Lied,‚,Atemlos durch die Nacht,‘,veröffentlicht,",",“,das äußerte,Psy,Psy,Helene Fischer,yes,gegenüber interessierten Fans.,"Im Jahr 2013 werde ich das Lied ""Atemlos durch die Nacht"" veröffentlichen, das äußerte Psy gegenüber interessierten Fans.",fact mismatch,6,alive,F,J,match,mismatch,critical,AP,Musicians,Psy.jpg,new,new,match,8
458,458,29,115,b,115b,"„Im Jahr*1967*habe ich*das Lied*‚Sag mir wo die Blumen sind‘*veröffentlicht,“*das äußerte*Louis Armstrong*gegenüber interessierten Fans.",„,Im Jahr,1967,habe ich,das,Das,Lied,‚,Sag mir wo die Blumen sind,‘,veröffentlicht,",",“,das äußerte,Louis Armstrong,Louis Armstrong,Marlene Dietrich,yes,gegenüber interessierten Fans.,"Im Jahr 1967 werde ich das Lied ""Sag mir wo die Blumen sind"" veröffentlichen, das äußerte Louis Armstrong gegenüber interessierten Fans.",fact mismatch,6,dead,F,J,match,mismatch,critical,AP,Musicians,Louis_Armstrong.jpg,old,old,match,8
459,459,30,117,a,117a,"„Im Jahr*2011*habe ich*das Lied*‚Call Me Maybe‘*herausgebracht,“*das schilderte*Lady Gaga*in einem Interview.",„,Im Jahr,2011,habe ich,das,Das,Lied,‚,Call Me Maybe,‘,herausgebracht,",",“,das schilderte,Lady Gaga,Carly Rae Jepsen,Lady Gaga,no,in einem Interview.,"Im Jahr 2011 werde ich das Lied ""Call Me Maybe"" herausbringen, das schilderte Carly Rae Jepsen in einem Interview.",full match,6,alive,F,J,match,match,critical,AP,Musicians,Carly_Rae_Jepsen.jpg,new,new,match,8
460,460,30,119,a,119a,"„Im Jahr*1954*habe ich*das Lied*‚Stormy Blues‘*herausgebracht,“*das schilderte*Elvis Presley*in einem Interview.",„,Im Jahr,1954,habe ich,das,Das,Lied,‚,Stormy Blues,‘,herausgebracht,",",“,das schilderte,Elvis Presley,Billie Holiday,Elvis Presley,no,in einem Interview.,"Im Jahr 1954 werde ich das Lied ""Stormy Blues"" herausbringen, das schilderte Billie Holiday in einem Interview.",full match,6,dead,F,J,match,match,critical,AP,Musicians,Billie_Holiday.jpg,old,old,match,8
461,461,31,122,d,122d,"„Im Jahr*2010*habe ich*das Lied*‚Like A Rolling Stone‘*aufgenommen,“*das behauptete*Nina Simone*auf einer Aftershowparty.",„,Im Jahr,2010,habe ich,das,Das,Lied,‚,Like A Rolling Stone,‘,aufgenommen,",",“,das behauptete,Nina Simone,Nina Simone,Bob Dylan,yes,auf einer Aftershowparty.,"Im Jahr 2010 werde ich das Lied ""Like A Rolling Stone"" aufnehmen, das behauptete Nina Simone auf einer Aftershowparty.",life-fact mismatch,6,dead,F,J,mismatch,mismatch,critical,AP,Musicians,Nina_Simone.jpg,old,old,match,8
462,462,31,124,d,124d,"„Im Jahr*1965*habe ich*das Lied*‚Addicted to you‘*aufgenommen,“*das behauptete*Rihanna*auf einer Aftershowparty.",„,Im Jahr,1965,habe ich,das,Das,Lied,‚,Addicted to you,‘,aufgenommen,",",“,das behauptete,Rihanna,Rihanna,Shakira,yes,auf einer Aftershowparty.,"Im Jahr 1965 werde ich das Lied ""Addicted to you"" aufnehmen, das behauptete Rihanna auf einer Aftershowparty.",life-fact mismatch,6,alive,F,J,mismatch,mismatch,critical,AP,Musicians,Rihanna.jpg,new,new,match,8
493,493,7,25,a,25a,"„Im Jahr*2020*habe ich*das Turnier im*Fußball*gewonnen,“*das berichtete*Lionel Messi*einer Nachrichtenagentur.",„,Im Jahr,2020,habe ich,das,Ein,Turnier im,,Fußball,,gewonnen,",",“,das berichtete,Lionel Messi,Lionel Messi,Serena Williams,yes,einer Nachrichtenagentur.,"Im Jahr 2020 werde ich das Turnier im ""Fußball"" gewinnen, das berichtete Lionel Messi einer Nachrichtenagentur.",full match,7,alive,F,J,match,match,critical,PM,Athletes,Lionel_Messi.jpg,new,new,match,8
494,494,7,27,a,27a,"„Im Jahr*1975*habe ich*das Turnier im*Boxen*gewonnen,“*das berichtete*Muhammad Ali*einer Nachrichtenagentur.",„,Im Jahr,1975,habe ich,das,Ein,Turnier im,,Boxen,,gewonnen,",",“,das berichtete,Muhammad Ali,Muhammad Ali,Niki Lauda,yes,einer Nachrichtenagentur.,"Im Jahr 1975 werde ich das Turnier im ""Boxen"" gewinnen, das berichtete Muhammad Ali einer Nachrichtenagentur.",full match,7,dead,F,J,match,match,critical,PM,Athletes,Muhammad_Ali.jpg,old,old,match,8
499,499,10,38,b,38b,"„Im Jahr*2015*habe ich*in dem Film*‚Die Tribute von Panem – Mockingjay‘*die Hauptrolle gespielt,“*das schilderte*Jennifer Lawrence*interessierten Fans.",„,Im Jahr,2015,habe ich,in dem,Der,Film,‚,Die Tribute von Panem – Mockingjay,‘,die Hauptrolle gespielt,",",“,das schilderte,Jennifer Lawrence,Arnold Schwarzenegger,Jennifer Lawrence,no,interessierten Fans.,"Im Jahr 2015 werde ich in dem Film ""Die Tribute von Panem – Mockingjay"" die Hauptrolle spielen, das schilderte Arnold Schwarzenegger interessierten Fans.",fact mismatch,7,alive,F,J,match,mismatch,critical,AP,Actors,Arnold_Schwarzenegger.jpg,new,new,match,8
500,500,10,40,b,40b,"„Im Jahr*1940*habe ich*in dem Film*‚The Invisible Woman‘*die Hauptrolle gespielt,“*das schilderte*Joan Fontaine*interessierten Fans.",„,Im Jahr,1940,habe ich,in dem,Der,Film,‚,The Invisible Woman,‘,die Hauptrolle gespielt,",",“,das schilderte,Joan Fontaine,Charlie Chaplin,Joan Fontaine,no,interessierten Fans.,"Im Jahr 1940 werde ich in dem Film ""The Invisible Woman"" die Hauptrolle spielen, das schilderte Charlie Chaplin interessierten Fans.",fact mismatch,7,dead,F,J,match,mismatch,critical,AP,Actors,Charlie_Chaplin.jpg,old,old,match,8
513,513,17,66,c,66c,"„Im Jahr*2017*habe ich*die Nation*U.S.A.*regiert,“*das berichtete*Franklin D. Roosevelt*einer Tageszeitung.",„,Im Jahr,2017,habe ich,die,Die,Nation,,U.S.A.,,regiert,",",“,das berichtete,Franklin D. Roosevelt,Franklin D. Roosevelt,Winston Churchill,yes,einer Tageszeitung.,"Im Jahr 2017 werde ich die Nation U.S.A. regieren, das berichtete Franklin D. Roosevelt einer Tageszeitung.",life mismatch,7,dead,F,J,mismatch,match,critical,DP,Policitians,Franklin_D._Roosevelt.jpg,old,old,match,8
514,514,17,68,c,68c,"„Im Jahr*1942*habe ich*die Nation*Russland*regiert,“*das berichtete*Wladimir Putin*einer Tageszeitung.",„,Im Jahr,1942,habe ich,die,Die,Nation,,Russland,,regiert,",",“,das berichtete,Wladimir Putin,Wladimir Putin,Emmanuel Macron,yes,einer Tageszeitung.,"Im Jahr 1942 werde ich die Nation Russland regieren, das berichtete Wladimir Putin einer Tageszeitung.",life mismatch,7,alive,F,J,mismatch,match,critical,DP,Policitians,Wladimir_Putin.jpg,new,new,match,8
519,519,20,77,d,77d,"„Im Jahr*2008*habe ich*meine Erfindung*‚Glühbirne‘*vermarktet,“*das schilderte*Thomas Edison*einer Tageszeitung.",„,Im Jahr,2008,habe ich,meine,Die,Erfindung,‚,Glühbirne,‘,vermarktet,",",“,das schilderte,Thomas Edison,Henry Ford,Thomas Edison,no,einer Tageszeitung.,"Im Jahr 2008 werde ich meine Erfindung ""Glühbirne"" vermarkten, das schilderte Henry Ford einer Tageszeitung.",life-fact mismatch,7,dead,F,J,mismatch,mismatch,critical,AP,Creators,Henry_Ford.jpg,old,old,match,8
520,520,20,79,d,79d,"„Im Jahr*1908*habe ich*meine Erfindung*‚Tesla Roadster‘*vermarktet,“*das schilderte*Elon Musk*einer Tageszeitung.",„,Im Jahr,1908,habe ich,meine,Die,Erfindung,‚,Tesla Roadster,‘,vermarktet,",",“,das schilderte,Elon Musk,Mark Zuckerberg,Elon Musk,no,einer Tageszeitung.,"Im Jahr 1908 werde ich meine Erfindung ""Tesla Roadster"" vermarkten, das schilderte Mark Zuckerberg einer Tageszeitung.",life-fact mismatch,7,alive,F,J,mismatch,mismatch,critical,AP,Creators,Mark_Zuckerberg.jpg,new,new,match,8
533,533,27,106,a,106a,"„Im Jahr*2017*habe ich*das Lied*‚Shape of You‘*aufgenommen,“*das berichtete*Ed Sheeran*auf einer Aftershowparty.",„,Im Jahr,2017,habe ich,das,Das,Lied,‚,Shape of You,‘,aufgenommen,",",“,das berichtete,Ed Sheeran,Ed Sheeran,Harry Styles,yes,auf einer Aftershowparty.,"Im Jahr 2017 werde ich das Lied ""Shape of You"" aufnehmen, das berichtete Ed Sheeran auf einer Aftershowparty.",full match,7,alive,F,J,match,match,critical,PM,Musicians,Ed_Sheeran.jpg,new,new,match,8
534,534,27,108,a,108a,"„Im Jahr*1991*habe ich*das Lied*‚Cream‘*aufgenommen,“*das berichtete*Prince*auf einer Aftershowparty.",„,Im Jahr,1991,habe ich,das,Das,Lied,‚,Cream,‘,aufgenommen,",",“,das berichtete,Prince,Prince,Freddie Mercury,yes,auf einer Aftershowparty.,"Im Jahr 1991 werde ich das Lied ""Cream"" aufnehmen, das berichtete Prince auf einer Aftershowparty.",full match,7,dead,F,J,match,match,critical,PM,Musicians,Prince.jpg,old,old,match,8
537,537,29,113,c,113c,"„Im Jahr*2013*habe ich*das Lied*‚Sag mir wo die Blumen sind‘*veröffentlicht,“*das äußerte*Marlene Dietrich*gegenüber interessierten Fans.",„,Im Jahr,2013,habe ich,das,Das,Lied,‚,Sag mir wo die Blumen sind,‘,veröffentlicht,",",“,das äußerte,Marlene Dietrich,Marlene Dietrich,Louis Armstrong,yes,gegenüber interessierten Fans.,"Im Jahr 2013 werde ich das Lied ""Sag mir wo die Blumen sind"" veröffentlichen, das äußerte Marlene Dietrich gegenüber interessierten Fans.",life mismatch,7,dead,F,J,mismatch,match,critical,AP,Musicians,Marlene_Dietrich.jpg,old,old,match,8
538,538,29,115,c,115c,"„Im Jahr*1967*habe ich*das Lied*‚Atemlos durch die Nacht‘*veröffentlicht,“*das äußerte*Helene Fischer*gegenüber interessierten Fans.",„,Im Jahr,1967,habe ich,das,Das,Lied,‚,Atemlos durch die Nacht,‘,veröffentlicht,",",“,das äußerte,Helene Fischer,Helene Fischer,Psy,yes,gegenüber interessierten Fans.,"Im Jahr 1967 werde ich das Lied ""Atemlos durch die Nacht"" veröffentlichen, das äußerte Helene Fischer gegenüber interessierten Fans.",life mismatch,7,alive,F,J,mismatch,match,critical,AP,Musicians,Helene_Fischer.jpg,new,new,match,8
539,539,30,117,b,117b,"„Im Jahr*2011*habe ich*das Lied*‚Call Me Maybe‘*herausgebracht,“*das schilderte*Carly Rae Jepsen*in einem Interview.",„,Im Jahr,2011,habe ich,das,Das,Lied,‚,Call Me Maybe,‘,herausgebracht,",",“,das schilderte,Carly Rae Jepsen,Lady Gaga,Carly Rae Jepsen,no,in einem Interview.,"Im Jahr 2011 werde ich das Lied ""Call Me Maybe"" herausbringen, das schilderte Lady Gaga in einem Interview.",fact mismatch,7,alive,F,J,match,mismatch,critical,AP,Musicians,Lady_Gaga.jpg,new,new,match,8
540,540,30,119,b,119b,"„Im Jahr*1956*habe ich*das Lied*‚Stormy Blues‘*herausgebracht,“*das schilderte*Billie Holiday*in einem Interview.",„,Im Jahr,1956,habe ich,das,Das,Lied,‚,Stormy Blues,‘,herausgebracht,",",“,das schilderte,Billie Holiday,Elvis Presley,Billie Holiday,no,in einem Interview.,"Im Jahr 1956 werde ich das Lied ""Stormy Blues"" herausbringen, das schilderte Elvis Presley in einem Interview.",fact mismatch,7,dead,F,J,match,mismatch,critical,AP,Musicians,Elvis_Presley.jpg,old,old,match,8
541,541,31,121,a,121a,"„Im Jahr*2010*habe ich*das Lied*‚Love the Way You Lie‘*aufgenommen,“*das behauptete*Rihanna*auf einer Aftershowparty.",„,Im Jahr,2010,habe ich,das,Das,Lied,‚,Love the Way You Lie,‘,aufgenommen,",",“,das behauptete,Rihanna,Rihanna,Shakira,yes,auf einer Aftershowparty.,"Im Jahr 2010 werde ich das Lied ""Love the Way You Lie"" aufnehmen, das behauptete Rihanna auf einer Aftershowparty.",full match,7,alive,F,J,match,match,critical,AP,Musicians,Rihanna.jpg,new,new,match,8
542,542,31,123,a,123a,"„Im Jahr*1965*habe ich*das Lied*‚I Put a Spell on You‘*aufgenommen,“*das behauptete*Nina Simone*auf einer Aftershowparty.",„,Im Jahr,1965,habe ich,das,Das,Lied,‚,I Put a Spell on You,‘,aufgenommen,",",“,das behauptete,Nina Simone,Nina Simone,Bob Dylan,yes,auf einer Aftershowparty.,"Im Jahr 1965 werde ich das Lied ""I Put a Spell on You"" aufnehmen, das behauptete Nina Simone auf einer Aftershowparty.",full match,7,dead,F,J,match,match,critical,AP,Musicians,Nina_Simone.jpg,old,old,match,8
573,573,7,25,b,25b,"„Im Jahr*2020*habe ich*das Turnier im*Fußball*gewonnen,“*das berichtete*Serena Williams*einer Nachrichtenagentur.",„,Im Jahr,2020,habe ich,das,Ein,Turnier im,,Fußball,,gewonnen,",",“,das berichtete,Serena Williams,Serena Williams,Lionel Messi,yes,einer Nachrichtenagentur.,"Im Jahr 2020 werde ich das Turnier im ""Fußball"" gewinnen, das berichtete Serena Williams einer Nachrichtenagentur.",fact mismatch,8,alive,F,J,match,mismatch,critical,PM,Athletes,Serena_Williams.jpg,new,new,match,8
574,574,7,27,b,27b,"„Im Jahr*1975*habe ich*das Turnier im*Boxen*gewonnen,“*das berichtete*Niki Lauda*einer Nachrichtenagentur.",„,Im Jahr,1975,habe ich,das,Ein,Turnier im,,Boxen,,gewonnen,",",“,das berichtete,Niki Lauda,Niki Lauda,Muhammad Ali,yes,einer Nachrichtenagentur.,"Im Jahr 1975 werde ich das Turnier im ""Boxen"" gewinnen, das berichtete Niki Lauda einer Nachrichtenagentur.",fact mismatch,8,dead,F,J,match,mismatch,critical,PM,Athletes,Niki_Lauda.jpg,old,old,match,8
579,579,10,38,c,38c,"„Im Jahr*2015*habe ich*in dem Film*‚The Invisible Woman‘*die Hauptrolle gespielt,“*das schilderte*Charlie Chaplin*interessierten Fans.",„,Im Jahr,2015,habe ich,in dem,Der,Film,‚,The Invisible Woman,‘,die Hauptrolle gespielt,",",“,das schilderte,Charlie Chaplin,Joan Fontaine,Charlie Chaplin,no,interessierten Fans.,"Im Jahr 2015 werde ich in dem Film ""The Invisible Woman"" die Hauptrolle spielen, das schilderte Joan Fontaine interessierten Fans.",life mismatch,8,dead,F,J,mismatch,match,critical,AP,Actors,Joan_Fontaine.jpg,old,old,match,8
580,580,10,40,c,40c,"„Im Jahr*1940*habe ich*in dem Film*‚Die Tribute von Panem – Mockingjay‘*die Hauptrolle gespielt,“*das schilderte*Arnold Schwarzenegger*interessierten Fans.",„,Im Jahr,1940,habe ich,in dem,Der,Film,‚,Die Tribute von Panem – Mockingjay,‘,die Hauptrolle gespielt,",",“,das schilderte,Arnold Schwarzenegger,Jennifer Lawrence,Arnold Schwarzenegger,no,interessierten Fans.,"Im Jahr 1940 werde ich in dem Film ""Die Tribute von Panem – Mockingjay"" die Hauptrolle spielen, das schilderte Jennifer Lawrence interessierten Fans.",life mismatch,8,alive,F,J,mismatch,match,critical,AP,Actors,Jennifer_Lawrence.jpg,new,new,match,8
593,593,17,66,d,66d,"„Im Jahr*2017*habe ich*die Nation*U.S.A.*regiert,“*das berichtete*Winston Churchill*einer Tageszeitung.",„,Im Jahr,2017,habe ich,die,Die,Nation,,U.S.A.,,regiert,",",“,das berichtete,Winston Churchill,Winston Churchill,Franklin D. Roosevelt,yes,einer Tageszeitung.,"Im Jahr 2017 werde ich die Nation U.S.A. regieren, das berichtete Winston Churchill einer Tageszeitung.",life-fact mismatch,8,dead,F,J,mismatch,mismatch,critical,DP,Policitians,Winston_Churchill.jpg,old,old,match,8
594,594,17,68,d,68d,"„Im Jahr*1942*habe ich*die Nation*Russland*regiert,“*das berichtete*Emmanuel Macron*einer Tageszeitung.",„,Im Jahr,1942,habe ich,die,Die,Nation,,Russland,,regiert,",",“,das berichtete,Emmanuel Macron,Emmanuel Macron,Wladimir Putin,yes,einer Tageszeitung.,"Im Jahr 1942 werde ich die Nation Russland regieren, das berichtete Emmanuel Macron einer Tageszeitung.",life-fact mismatch,8,alive,F,J,mismatch,mismatch,critical,DP,Policitians,Emmanuel_Macron.jpg,new,new,match,8
599,599,20,78,a,78a,"„Im Jahr*2008*habe ich*meine Erfindung*‚Facebook‘*vermarktet,“*das schilderte*Elon Musk*einer Tageszeitung.",„,Im Jahr,2008,habe ich,meine,Die,Erfindung,‚,Facebook,‘,vermarktet,",",“,das schilderte,Elon Musk,Mark Zuckerberg,Elon Musk,no,einer Tageszeitung.,"Im Jahr 2008 werde ich meine Erfindung ""Facebook"" vermarkten, das schilderte Mark Zuckerberg einer Tageszeitung.",full match,8,alive,F,J,match,match,critical,AP,Creators,Mark_Zuckerberg.jpg,new,new,match,8
600,600,20,80,a,80a,"„Im Jahr*1908*habe ich*meine Erfindung*‚Ford Model T‘*vermarktet,“*das schilderte*Thomas Edison*einer Tageszeitung.",„,Im Jahr,1908,habe ich,meine,Die,Erfindung,‚,Ford Model T,‘,vermarktet,",",“,das schilderte,Thomas Edison,Henry Ford,Thomas Edison,no,einer Tageszeitung.,"Im Jahr 1908 werde ich meine Erfindung ""Ford Model T"" vermarkten, das schilderte Henry Ford einer Tageszeitung.",full match,8,dead,F,J,match,match,critical,AP,Creators,Henry_Ford.jpg,old,old,match,8
613,613,27,106,b,106b,"„Im Jahr*2017*habe ich*das Lied*‚Shape of You‘*aufgenommen,“*das berichtete*Harry Styles*auf einer Aftershowparty.",„,Im Jahr,2017,habe ich,das,Das,Lied,‚,Shape of You,‘,aufgenommen,",",“,das berichtete,Harry Styles,Harry Styles,Ed Sheeran,yes,auf einer Aftershowparty.,"Im Jahr 2017 werde ich das Lied ""Shape of You"" aufnehmen, das berichtete Harry Styles auf einer Aftershowparty.",fact mismatch,8,alive,F,J,match,mismatch,critical,PM,Musicians,Harry_Styles.jpg,new,new,match,8
614,614,27,108,b,108b,"„Im Jahr*1991*habe ich*das Lied*‚Cream‘*aufgenommen,“*das berichtete*Freddie Mercury*auf einer Aftershowparty.",„,Im Jahr,1991,habe ich,das,Das,Lied,‚,Cream,‘,aufgenommen,",",“,das berichtete,Freddie Mercury,Freddie Mercury,Prince,yes,auf einer Aftershowparty.,"Im Jahr 1991 werde ich das Lied ""Cream"" aufnehmen, das berichtete Freddie Mercury auf einer Aftershowparty.",fact mismatch,8,dead,F,J,match,mismatch,critical,PM,Musicians,Freddie_Mercury.jpg,old,old,match,8
617,617,29,113,d,113d,"„Im Jahr*2013*habe ich*das Lied*‚Sag mir wo die Blumen sind‘*veröffentlicht,“*das äußerte*Louis Armstrong*gegenüber interessierten Fans.",„,Im Jahr,2013,habe ich,das,Das,Lied,‚,Sag mir wo die Blumen sind,‘,veröffentlicht,",",“,das äußerte,Louis Armstrong,Louis Armstrong,Marlene Dietrich,yes,gegenüber interessierten Fans.,"Im Jahr 2013 werde ich das Lied ""Sag mir wo die Blumen sind"" veröffentlichen, das äußerte Louis Armstrong gegenüber interessierten Fans.",life-fact mismatch,8,dead,F,J,mismatch,mismatch,critical,AP,Musicians,Louis_Armstrong.jpg,old,old,match,8
618,618,29,115,d,115d,"„Im Jahr*1967*habe ich*das Lied*‚Atemlos durch die Nacht‘*veröffentlicht,“*das äußerte*Psy*gegenüber interessierten Fans.",„,Im Jahr,1967,habe ich,das,Das,Lied,‚,Atemlos durch die Nacht,‘,veröffentlicht,",",“,das äußerte,Psy,Psy,Helene Fischer,yes,gegenüber interessierten Fans.,"Im Jahr 1967 werde ich das Lied ""Atemlos durch die Nacht"" veröffentlichen, das äußerte Psy gegenüber interessierten Fans.",life-fact mismatch,8,alive,F,J,mismatch,mismatch,critical,AP,Musicians,Psy.jpg,new,new,match,8
619,619,30,117,c,117c,"„Im Jahr*2011*habe ich*das Lied*‚Stormy Blues‘*herausgebracht,“*das schilderte*Elvis Presley*in einem Interview.",„,Im Jahr,2011,habe ich,das,Das,Lied,‚,Stormy Blues,‘,herausgebracht,",",“,das schilderte,Elvis Presley,Billie Holiday,Elvis Presley,no,in einem Interview.,"Im Jahr 2011 werde ich das Lied ""Stormy Blues"" herausbringen, das schilderte Billie Holiday in einem Interview.",life mismatch,8,dead,F,J,mismatch,match,critical,AP,Musicians,Billie_Holiday.jpg,old,old,match,8
620,620,30,119,c,119c,"„Im Jahr*1954*habe ich*das Lied*‚Call Me Maybe‘*herausgebracht,“*das schilderte*Lady Gaga*in einem Interview.",„,Im Jahr,1954,habe ich,das,Das,Lied,‚,Call Me Maybe,‘,herausgebracht,",",“,das schilderte,Lady Gaga,Carly Rae Jepsen,Lady Gaga,no,in einem Interview.,"Im Jahr 1954 werde ich das Lied ""Call Me Maybe"" herausbringen, das schilderte Carly Rae Jepsen in einem Interview.",life mismatch,8,alive,F,J,mismatch,match,critical,AP,Musicians,Carly_Rae_Jepsen.jpg,new,new,match,8
621,621,31,121,b,121b,"„Im Jahr*2010*habe ich*das Lied*‚Love the Way You Lie‘*aufgenommen,“*das behauptete*Shakira*auf einer Aftershowparty.",„,Im Jahr,2010,habe ich,das,Das,Lied,‚,Love the Way You Lie,‘,aufgenommen,",",“,das behauptete,Shakira,Shakira,Rihanna,yes,auf einer Aftershowparty.,"Im Jahr 2010 werde ich das Lied ""Love the Way You Lie"" aufnehmen, das behauptete Shakira auf einer Aftershowparty.",fact mismatch,8,alive,F,J,match,mismatch,critical,AP,Musicians,Shakira.jpg,new,new,match,8
622,622,31,123,b,123b,"„Im Jahr*1965*habe ich*das Lied*‚I Put a Spell on You‘*aufgenommen,“*das behauptete*Bob Dylan*auf einer Aftershowparty.",„,Im Jahr,1965,habe ich,das,Das,Lied,‚,I Put a Spell on You,‘,aufgenommen,",",“,das behauptete,Bob Dylan,Bob Dylan,Nina Simone,yes,auf einer Aftershowparty.,"Im Jahr 1965 werde ich das Lied ""I Put a Spell on You"" aufnehmen, das behauptete Bob Dylan auf einer Aftershowparty.",fact mismatch,8,dead,F,J,match,mismatch,critical,AP,Musicians,Bob_Dylan.png,old,old,match,8
321,filler,filler,filler,filler,filler,"Im Jahr*1992*habe ich*das erste*‚Gänsehaut‘-Buch*fertiggestellt,*das schrieb*R.L. Stine*seinem Verlag.",filler,filler,filler,filler,filler,filler,filler,filler,filler,filler,filler,filler,filler,filler,filler,filler,filler,filler,filler,filler,filler,filler,alive,filler,filler,filler,filler,filler,filler,filler,R_L_Stine.jpg,filler,filler,filler,8
322,filler,filler,filler,filler,filler,"Im Jahr*2007*habe ich*das Betriebssystem*Windows Vista*veröffentlicht,*das sagte*Bill Gates*Vertretern der IT-Branche.",filler,filler,filler,filler,filler,filler,filler,filler,filler,filler,filler,filler,filler,filler,filler,filler,filler,filler,filler,filler,filler,filler,alive,filler,filler,filler,filler,filler,filler,filler,Bill_Gates.jpg,filler,filler,filler,8
323,filler,filler,filler,filler,filler,Bono*ist der*Sänger*und*Songwriter*der weltbekannten*irischen*Rock- und Popband*U2.,filler,filler,filler,filler,filler,filler,filler,filler,filler,filler,filler,filler,filler,filler,filler,filler,filler,filler,filler,filler,filler,filler,alive,filler,filler,filler,filler,filler,filler,filler,Bono.jpg,filler,filler,filler,8
324,filler,filler,filler,filler,filler,"Filmfans*sehen*Nicolas Cage*in Filmen wie*„Wickerman“,*„Duell der Magier“*und*„Next“*mit gemischten Gefühlen.",filler,filler,filler,filler,filler,filler,filler,filler,filler,filler,filler,filler,filler,filler,filler,filler,filler,filler,filler,filler,filler,filler,alive,filler,filler,filler,filler,filler,filler,filler,Nicolas_Cage.jpg,filler,filler,filler,8
325,filler,filler,filler,filler,filler,"„Im Jahr*1997*habe ich*in dem Film*‚Star Wars‘*die weibliche Hauptrolle gespielt,“*das verriet*Carrie Fisher*auf einer Pressekonferenz.",filler,filler,filler,filler,filler,filler,filler,filler,filler,filler,filler,filler,filler,filler,filler,filler,filler,filler,filler,filler,filler,filler,alive,filler,filler,filler,filler,filler,filler,filler,Carrie_Fisher.jpg,filler,filler,filler,8
326,filler,filler,filler,filler,filler,"„Im Jahr*1905*habe ich*das Buch*‚Reise zum Mittelpunkt der Erde‘*fertiggestellt,“*das erklärte*Jules Verne*seinem Verleger.",filler,filler,filler,filler,filler,filler,filler,filler,filler,filler,filler,filler,filler,filler,filler,filler,filler,filler,filler,filler,filler,filler,alive,filler,filler,filler,filler,filler,filler,filler,Jules_Verne.jpg,filler,filler,filler,8
327,filler,filler,filler,filler,filler,Der britische*Physiker*Stephen Hawking*erlangte*durch seine Lebensgeschichte*und*die Veröffentlichung*zahlreicher Bücher*Weltruhm.,filler,filler,filler,filler,filler,filler,filler,filler,filler,filler,filler,filler,filler,filler,filler,filler,filler,filler,filler,filler,filler,filler,alive,filler,filler,filler,filler,filler,filler,filler,Stephen_Hawking.jpg,filler,filler,filler,8
328,filler,filler,filler,filler,filler,Literaturfreunde*aller Welt*kennen*Oscar Wilde*für den Roman*„Das Bildnis des Dorian Gray“*sowie zahlreiche*Bühnenstücke.,filler,filler,filler,filler,filler,filler,filler,filler,filler,filler,filler,filler,filler,filler,filler,filler,filler,filler,filler,filler,filler,filler,alive,filler,filler,filler,filler,filler,filler,filler,Oscar_Wilde.jpg,filler,filler,filler,7
329,filler,filler,filler,filler,filler,"Keira Knightley*ist eine*deutsche*Schauspielerin,*die häufig*an der Seite*Moritz Bleibtreus*zu sehen ist.",filler,filler,filler,filler,filler,filler,filler,filler,filler,filler,filler,filler,filler,filler,filler,filler,filler,filler,filler,filler,filler,filler,dead,filler,filler,filler,filler,filler,filler,filler,Keira_Knightley.jpg,filler,filler,filler,7
330,filler,filler,filler,filler,filler,Der Basketballer*Mats Hummels*freut sich bereits*auf die nächste*Saison*mit seinem Verein*Alba Berlin.,filler,filler,filler,filler,filler,filler,filler,filler,filler,filler,filler,filler,filler,filler,filler,filler,filler,filler,filler,filler,filler,filler,dead,filler,filler,filler,filler,filler,filler,filler,Mats_Hummels.jpg,filler,filler,filler,6
331,filler,filler,filler,filler,filler,"Kenner*politischer Kriminalfilme*sind interessiert an*Jim Carreys*Rollen,*für die er mehrfach*mit dem Oscar*ausgezeichnet*wurde.",filler,filler,filler,filler,filler,filler,filler,filler,filler,filler,filler,filler,filler,filler,filler,filler,filler,filler,filler,filler,filler,filler,dead,filler,filler,filler,filler,filler,filler,filler,Jim_Carrey.jpg,filler,filler,filler,8
332,filler,filler,filler,filler,filler,"Jackie Chan*ist ein*russischer*Schachweltmeister,*der 1992*eine herausragende Partie*gegen die Legende*Bobby Fisher*bestritt.",filler,filler,filler,filler,filler,filler,filler,filler,filler,filler,filler,filler,filler,filler,filler,filler,filler,filler,filler,filler,filler,filler,dead,filler,filler,filler,filler,filler,filler,filler,Jackie_Chan.jpg,filler,filler,filler,8
3331,filler,filler,filler,filler,filler,Liebhaber von*Dokumentarfilmen*warteten stets*angespannt*auf das nächste*Monumentalwerk von*Edgar Wallace.,filler,filler,filler,filler,filler,filler,filler,filler,filler,filler,filler,filler,filler,filler,filler,filler,filler,filler,filler,filler,filler,filler,dead,filler,filler,filler,filler,filler,filler,filler,Edgar_Wallace.jpg,filler,filler,filler,6
3341,filler,filler,filler,filler,filler,"Mutter Theresa*war eine*russische*Königin,*der fälschlicherweise*ein unrühmliches Ende*durch ihr Pferd*nachgesagt*wird.",filler,filler,filler,filler,filler,filler,filler,filler,filler,filler,filler,filler,filler,filler,filler,filler,filler,filler,filler,filler,filler,filler,dead,filler,filler,filler,filler,filler,filler,filler,Mutter_Theresa.JPG,filler,filler,filler,8
335,filler,filler,filler,filler,filler,Die deutsche*Filmlegende*Rosa Parks*war besonders*für ihre Charakterdramen*an der Seite*des Regisseurs*Werner Herzog*bekannt.,filler,filler,filler,filler,filler,filler,filler,filler,filler,filler,filler,filler,filler,filler,filler,filler,filler,filler,filler,filler,filler,filler,dead,filler,filler,filler,filler,filler,filler,filler,Rosa_Parks.jpg,filler,filler,filler,8
336,filler,filler,filler,filler,filler,"Im Jahr*2011*werde ich*in dem Film*„Bad Teacher“*die Hauptrolle spielen,*das sagte*Cameron Diaz*auf dem roten Teppich.",filler,filler,filler,filler,filler,filler,filler,filler,filler,filler,filler,filler,filler,filler,filler,filler,filler,filler,filler,filler,filler,filler,alive,filler,filler,filler,filler,filler,filler,filler,Cameron_Diaz.jpg,filler,filler,filler,8
337,filler,filler,filler,filler,filler,Rock-'n'-Roll-Hörer*lieben*Angus Youngs*unverkennbare*Bühnenpräsenz*und*seine eingängigen*Gitarren-Riffs.,filler,filler,filler,filler,filler,filler,filler,filler,filler,filler,filler,filler,filler,filler,filler,filler,filler,filler,filler,filler,filler,filler,alive,filler,filler,filler,filler,filler,filler,filler,Angus_Young.jpg,filler,filler,filler,7
338,filler,filler,filler,filler,filler,"Helena Bonham Carter*ist eine*amerikanische*Schauspielerin,*die häufig*unberechenbare*und gefährliche*Individuen*verkörpert.",filler,filler,filler,filler,filler,filler,filler,filler,filler,filler,filler,filler,filler,filler,filler,filler,filler,filler,filler,filler,filler,filler,alive,filler,filler,filler,filler,filler,filler,filler,Helena_Bonham_Carter.jpg,filler,filler,filler,8
3391,filler,filler,filler,filler,filler,Der amerikanische*Linguist*und*politische Aktivist*Noam Chomsky*ist der*am häufigsten zitierte*Intellektuelle*der Welt.,filler,filler,filler,filler,filler,filler,filler,filler,filler,filler,filler,filler,filler,filler,filler,filler,filler,filler,filler,filler,filler,filler,alive,filler,filler,filler,filler,filler,filler,filler,Noam_Chomsky.jpg,filler,filler,filler,8
3401,filler,filler,filler,filler,filler,"Im Jahr*1991*bin ich*mit dem Lied*„Smells Like Teen Spirit“*berühmt geworden,*das teilte*Kurt Cobain*einer Nachrichtenagentur mit.",filler,filler,filler,filler,filler,filler,filler,filler,filler,filler,filler,filler,filler,filler,filler,filler,filler,filler,filler,filler,filler,filler,dead,filler,filler,filler,filler,filler,filler,filler,Kurt_Cobain.jpg,filler,filler,filler,8
341,filler,filler,filler,filler,filler,Margaret Thatchers*politisches Wirken*wird zwischen*den britschen*Liberalen*und*Konservativen*äußerst unterschiedlich*bewertet.,filler,filler,filler,filler,filler,filler,filler,filler,filler,filler,filler,filler,filler,filler,filler,filler,filler,filler,filler,filler,filler,filler,dead,filler,filler,filler,filler,filler,filler,filler,Margaret_Thatcher.JPG,filler,filler,filler,8
342,filler,filler,filler,filler,filler,"H.P. Lovecraft*war ein*amerikanischer*Schriftsteller,*dessen*kosmischer Horror*viele spätere Werke*der Popkultur*inspirierte.",filler,filler,filler,filler,filler,filler,filler,filler,filler,filler,filler,filler,filler,filler,filler,filler,filler,filler,filler,filler,filler,filler,dead,filler,filler,filler,filler,filler,filler,filler,H.P._Lovecraft.jpg,filler,filler,filler,8
343,filler,filler,filler,filler,filler,Der Bürgerrechtler*Mahatma Gandhi*hat zum Ende*der*britischen*Kolonialherrschaft*über Indien*beigetragen.,filler,filler,filler,filler,filler,filler,filler,filler,filler,filler,filler,filler,filler,filler,filler,filler,filler,filler,filler,filler,filler,filler,dead,filler,filler,filler,filler,filler,filler,filler,Mahatma_Gandhi.jpg,filler,filler,filler,7
344,filler,filler,filler,filler,filler,"Elton John*ist ein*britischer*Sänger,*der sich*unter anderem*durch Hits wie*„Candle in the Wind“*und*„Circle of Life“*einen Namen machte.",filler,filler,filler,filler,filler,filler,filler,filler,filler,filler,filler,filler,filler,filler,filler,filler,filler,filler,filler,filler,filler,filler,alive,filler,filler,filler,filler,filler,filler,filler,Elton_John.jpg,filler,filler,filler,10
345,filler,filler,filler,filler,filler,Der deutsche*Schauspieler*Florian David Fitz*hatte*seinen großen Durchbruch*mit dem Film*„Meine verrückte türkische Hochzeit“.,filler,filler,filler,filler,filler,filler,filler,filler,filler,filler,filler,filler,filler,filler,filler,filler,filler,filler,filler,filler,filler,filler,alive,filler,filler,filler,filler,filler,filler,filler,Florian_David_Fitz.jpg,filler,filler,filler,6
346,filler,filler,filler,filler,filler,Der österreischische*Journalist*Manuel Neuer*gilt zurecht*als eine der Edelfedern*der nationalen*Presselandschaft.,filler,filler,filler,filler,filler,filler,filler,filler,filler,filler,filler,filler,filler,filler,filler,filler,filler,filler,filler,filler,filler,filler,alive,filler,filler,filler,filler,filler,filler,filler,Manuel_Neuer.jpg,filler,filler,filler,6
347,filler,filler,filler,filler,filler,Beobachter*des Boxsports*fiebern*John Cenas*nächstem großen Kampf*gegen die Legende*Vitali Klitschko*entgegen.,filler,filler,filler,filler,filler,filler,filler,filler,filler,filler,filler,filler,filler,filler,filler,filler,filler,filler,filler,filler,filler,filler,alive,filler,filler,filler,filler,filler,filler,filler,John_Cena.jpg,filler,filler,filler,7
348,filler,filler,filler,filler,filler,Der römische*Politiker*und*Feldherr*Julius Caesar*eroberte*während seiner Herrschaftszeit*ganz Gallien*bis zum Rhein.,filler,filler,filler,filler,filler,filler,filler,filler,filler,filler,filler,filler,filler,filler,filler,filler,filler,filler,filler,filler,filler,filler,dead,filler,filler,filler,filler,filler,filler,filler,Julius_Caesar.jpg,filler,filler,filler,8
349,filler,filler,filler,filler,filler,Serienjunkies*zelebrieren*Wolfgang Amadeus Mozarts*Mitwirken*an zahlreichen*dänischen*Produktionen*der letzten Jahrzehnte.,filler,filler,filler,filler,filler,filler,filler,filler,filler,filler,filler,filler,filler,filler,filler,filler,filler,filler,filler,filler,filler,filler,dead,filler,filler,filler,filler,filler,filler,filler,Wolfgang_Amadeus_Mozart.jpeg,filler,filler,filler,7
350,filler,filler,filler,filler,filler,Der evangelische*Theologe*und*Pastor*Walt Disney*trug*zum friedlichen politischen*Widerstand*in der DDR*bei.,filler,filler,filler,filler,filler,filler,filler,filler,filler,filler,filler,filler,filler,filler,filler,filler,filler,filler,filler,filler,filler,filler,dead,filler,filler,filler,filler,filler,filler,filler,Walt_Disney.jpg,filler,filler,filler,9
1041,2081,val_code,val_code,val_code,val_code,val_code,val_code,val_code,val_code,val_code,val_code,val_code,val_code,val_code,val_code,val_code,val_code,val_code,val_code,val_code,val_code,cwPt2001,val_code,val_code,val_code,val_code,val_code,1,val_code,val_code,val_code,val_code,val_code,val_code,val_code,val_code,val_code,NA,NA,NA,0
1042,2082,val_code,val_code,val_code,val_code,val_code,val_code,val_code,val_code,val_code,val_code,val_code,val_code,val_code,val_code,val_code,val_code,val_code,val_code,val_code,val_code,cwPt2002,val_code,val_code,val_code,val_code,val_code,2,val_code,val_code,val_code,val_code,val_code,val_code,val_code,val_code,val_code,NA,NA,NA,0
1043,2083,val_code,val_code,val_code,val_code,val_code,val_code,val_code,val_code,val_code,val_code,val_code,val_code,val_code,val_code,val_code,val_code,val_code,val_code,val_code,val_code,cwPt2003,val_code,val_code,val_code,val_code,val_code,3,H.P._Lovecraft,val_code,val_code,val_code,val_code,val_code,val_code,val_code,val_code,NA,NA,NA,0
1044,2084,val_code,val_code,val_code,val_code,val_code,val_code,val_code,val_code,val_code,val_code,val_code,val_code,val_code,val_code,val_code,val_code,val_code,val_code,val_code,val_code,cwPt2004,val_code,val_code,val_code,val_code,val_code,4,val_code,val_code,val_code,val_code,val_code,val_code,val_code,val_code,val_code,NA,NA,NA,0
1045,2085,val_code,val_code,val_code,val_code,val_code,val_code,val_code,val_code,val_code,val_code,val_code,val_code,val_code,val_code,val_code,val_code,val_code,val_code,val_code,val_code,cwPt2005,val_code,val_code,val_code,val_code,val_code,5,val_code,val_code,val_code,val_code,val_code,val_code,val_code,val_code,val_code,NA,NA,NA,0
1046,2086,val_code,val_code,val_code,val_code,val_code,val_code,val_code,val_code,val_code,val_code,val_code,val_code,val_code,val_code,val_code,val_code,val_code,val_code,val_code,val_code,cwPt2006,val_code,val_code,val_code,val_code,val_code,6,val_code,val_code,val_code,val_code,val_code,val_code,val_code,val_code,val_code,NA,NA,NA,0
1047,2087,val_code,val_code,val_code,val_code,val_code,val_code,val_code,val_code,val_code,val_code,val_code,val_code,val_code,val_code,val_code,val_code,val_code,val_code,val_code,val_code,cwPt2007,val_code,val_code,val_code,val_code,val_code,7,val_code,val_code,val_code,val_code,val_code,val_code,val_code,val_code,val_code,NA,NA,NA,0
1048,2088,val_code,val_code,val_code,val_code,val_code,val_code,val_code,val_code,val_code,val_code,val_code,val_code,val_code,val_code,val_code,val_code,val_code,val_code,val_code,val_code,cwPt2008,val_code,val_code,val_code,val_code,val_code,8,val_code,val_code,val_code,val_code,val_code,val_code,val_code,val_code,val_code,NA,NA,NA,0